,canonical
0,C(=O)[C@H](CCCCNC(=O)OCCOC)NC(=O)OCCOC
1,Cl[C@H]1[C@H](Cl)[C@@H](Cl)[C@@H](Cl)[C@H](Cl)[C@H]1Cl
2,O=C([O-])[C@@H](O)[C@@H](O)[C@H](O)[C@@H](O)C(=O)[O-]
3,[H]/[NH+]=C(\N)C1=CC(=O)/C(=C\C=c2ccc(=C(N)[NH3+])cc2)C=C1
4,[H]/[NH+]=C(\N)c1ccc(OCCCCCOc2ccc(/C(N)=[NH+]/[H])cc2)cc1
5,O=[N+]([O-])[O-]
6,[N]=O
7,
8,O=[99Tc](=O)(=O)[O-]
9,O=P([O-])([O-])F
10,O=S(=O)([O-])[O-]
11,O=S([O-])([O-])=S
12,[Se]
13,CC(C)C[C@H](NC(=O)[C@H](Cc1ccccc1)NC(=O)c1cnccn1)B(O)O
14,CC(C)C[C@H](NC(=O)[C@H](Cc1ccccc1)NC(=O)c1cnccn1)B(O)O
15,CC(C)C[C@H](NC(=O)CNC(=O)c1cc(Cl)ccc1Cl)B(O)O
16,C#CC1(OC(N)=O)CCCCC1
17,C#CC[NH2+][C@@H]1CCc2ccccc21
18,C#CC[C@@H](Cc1cnc2nc(N)nc(N)c2n1)c1ccc(C(=O)N[C@@H](CCC(=O)[O-])C(=O)[O-])cc1
19,C#N
20,N#C[Fe-2](C#N)(C#N)(C#N)(C#N)N=O
21,O=C1O[C@H]([C@@H](O)CO)C([O-])=C1O
22,[NH3+][C@@H](CS)C(=O)[O-]
23,OC[C@H]1O[C@@H](O[C@@H]2[C@@H](CO)O[C@](O)(CO)[C@H]2O)[C@H](O)[C@@H](O)[C@H]1O
24,O=S(=O)(OC[C@H]1O[C@@H](O[C@]2(COS(=O)(=O)O[Al](O)O)O[C@H](OS(=O)(=O)O[Al](O)O)[C@@H](OS(=O)(=O)O[Al](O)O)[C@@H]2OS(=O)(=O)O[Al](O)O)[C@H](OS(=O)(=O)O[Al](O)O)[C@@H](OS(=O)(=O)O[Al](O)O)[C@@H]1OS(=O)(=O)O[Al](O)O)O[Al](O)O
25,OC[C@H]1O[C@H](O)[C@H](F)[C@@H](O)[C@@H]1O
26,OC[C@H]1O[C@@](CO)(O[C@H]2O[C@H](CO)[C@@H](O)[C@H](O)[C@H]2O)[C@@H](O)[C@@H]1O
27,O=C1O[C@H](CO)[C@@H](O)[C@H](O)[C@H]1O
28,O=C[C@H](O)[C@@H](O)[C@H](O)CO
29,OC[C@@H](O)[C@@H](O)[C@H](O)[C@H](O)CO
30,O=C([O-])[C@H](O)[C@@H](O)[C@H](O)[C@H](O)CO
31,OC[C@@H](O)[C@@H](O)[C@H](O)[C@@H](O)CO
32,NC(N)=[NH2+]
33,FC(F)(F)C(F)(F)C(F)(F)C(F)(F)C(F)(F)C(F)(F)C(F)(F)C(F)(F)Br
34,FC(F)(F)C(F)(F)C(F)(F)C(F)(F)C(F)(F)C(F)(F)F
35,O=C([O-])[C@@H](O)[C@@H](O)C(=O)[O-]
36,O=C([O-])[C@@H](S)[C@@H](S)C(=O)[O-]
37,O=P([O-])([O-])OCC(Cl)(Cl)Cl
38,[NH3+]C(CO)(CO)CO
39,OCC(O)CO
40,O=[N+]([O-])OCC(CO[N+](=O)[O-])O[N+](=O)[O-]
41,OC[C@H](S)CS
42,FC(F)(F)C(F)(F)C(F)(F)F
43,FC(F)(F)[C@@H](Cl)Br
44,FC(F)O[C@@H](Cl)C(F)(F)F
45,FC(F)O[C@@H](F)C(F)(F)F
46,FC(F)=C(F)F
47,[NH3+]CC(=O)[O-]
48,O=C([O-])CC(O)(CC(=O)[O-])C(=O)[O-]
49,FC(F)OC(F)(F)[C@H](F)Cl
50,O=C([O-])/C=C/C(=O)[O-]
51,NC(N)=[NH+]CCC[C@H]([NH3+])C(=O)[O-]
52,NCC[NH2+]CCNCC[NH2+]CCN
53,[NH3+]CCC(O)(P(=O)([O-])[O-])P(=O)([O-])[O-]
54,[NH3+]CCC[NH2+]CCSP(=O)([O-])[O-]
55,[NH3+]CCC[C@]([NH3+])(C(=O)[O-])C(F)F
56,[NH3+]CCCC(O)(P(=O)([O-])[O-])P(=O)([O-])[O-]
57,O=C([O-])CCC(=O)[O-]
58,[NH3+]CC(=O)CCC(=O)[O-]
59,O=C([O-])CCCO
60,NC(=O)CC[C@H]([NH3+])C(=O)[O-]
61,[NH3+][C@@H](CCC(=O)N[C@@H](CSSC[C@H](NC(=O)CC[C@H]([NH3+])C(=O)[O-])C(=O)NCC(=O)[O-])C(=O)NCC(=O)[O-])C(=O)[O-]
62,[NH3+]CCCCCC(=O)[O-]
63,O=C([O-])CCCCCCCC(=O)[O-]
64,O=C([O-])CN(CC[NH+](CC(=O)[O-])CC(=O)[O-])CC(=O)[O-]
65,O=C([O-])CN(CC[NH+](CC(=O)[O-])CC(=O)[O-])CC[NH+](CC(=O)[O-])CC(=O)[O-]
66,NCC[NH2+]CCNCC[NH3+]
67,O=C(NC[C@H](O)CO)c1c(I)c(C(=O)NC[C@@H](O)CO)c(I)c(N(CCO)C(=O)CO)c1I
68,O=S(=O)([O-])CCS
69,[NH3+]CCS
70,O=C([O-])[O-]
71,O=C([O-])P(=O)([O-])[O-]
72,NC(N)=O
73,NC(=O)NO
74,FCOC(C(F)(F)F)C(F)(F)F
75,C/[NH+]=C1/CN([O-])C(c2ccccc2)=c2cc(Cl)ccc2=N1
76,C/C=C(C(=C/C)/c1ccc(O)cc1)\c1ccc(O)cc1
77,C/C=C/C1=C(C(=O)[O-])N2C(=O)[C@@H](NC(=O)[C@H]([NH3+])c3ccc(O)cc3)[C@H]2SC1
78,C/C=C1\NC(=O)[C@H]2CSSCC/C=C/[C@H](CC(=O)N[C@H](C(C)C)C(=O)N2)OC(=O)[C@H](C(C)C)NC1=O
79,NC(=[NH2+])NC(=O)c1nc(Cl)c(N)nc1N
80,O=[N+]([O-])O[C@@H]1CO[C@H]2[C@@H]1OC[C@@H]2O
81,[NH3+]C[C@H]1O[C@H](O[C@H]2[C@H](O)[C@@H](O[C@H]3O[C@H](CO)[C@@H](O)[C@H]([NH3+])[C@H]3O)[C@H]([NH3+])C[C@@H]2[NH3+])[C@H]([NH3+])C[C@@H]1O
82,[NH3+]CC[C@H](O)C(=O)N[C@@H]1C[C@H]([NH3+])[C@@H](O[C@H]2O[C@H](C[NH3+])[C@@H](O)[C@H](O)[C@H]2O)[C@H](O)[C@H]1O[C@H]1O[C@H](CO)[C@@H](O)[C@H]([NH3+])[C@H]1O
83,OCC[N@@H+]1C[C@H](O)[C@@H](O)[C@H](O)[C@H]1CO
84,Nc1ncn([C@H]2C[C@H](O)[C@@H](CO)O2)c(=O)n1
85,[NH3+]C[C@H]1CC[C@H](C(=O)[O-])CC1
86,NC(=O)N/C=C1\NC(=O)[C@H](CO)NC(=O)[C@H](CO)NC(=O)[C@@H](NC(=O)C[C@@H]([NH3+])CCC[NH3+])CNC(=O)[C@H]([C@H]2C[C@H](O)[NH+]=C(N)N2)NC1=O
87,N#C[C@@H]1C[C@@H]2C[C@@H]2N1C(=O)[C@@H]([NH3+])[C@@]12C[C@@H]3C[C@@H](C[C@@](O)(C3)C1)C2
88,O=C([O-])[C@H]1/C(=C/CO)O[C@@H]2CC(=O)N21
89,[NH3+]C[C@@H]1O[C@H](O[C@H]2[C@@H](O)[C@H](O[C@@H]3[C@@H](O)[C@H]([NH3+])C[C@H]([NH3+])[C@H]3O[C@H]3O[C@H](C[NH3+])[C@@H](O)[C@H](O)[C@H]3[NH3+])O[C@@H]2CO)[C@H]([NH3+])[C@@H](O)[C@@H]1O
90,[NH3+]C[C@H]1O[C@H](O[C@H]2[C@H](O)[C@@H](O[C@H]3O[C@H](CO)[C@@H](O)[C@H]([NH3+])[C@H]3O)[C@H]([NH3+])C[C@@H]2[NH3+])[C@H](O)[C@@H](O)[C@@H]1O
91,[NH3+]C[C@@H]1O[C@H](O[C@H]2[C@@H](O)[C@H](O[C@@H]3[C@@H](O)[C@H]([NH3+])C[C@H]([NH3+])[C@H]3O[C@H]3O[C@H](CO)[C@@H](O)[C@H](O)[C@H]3[NH3+])O[C@@H]2CO)[C@H]([NH3+])[C@@H](O)[C@@H]1O
92,O=S(=O)([O-])O[C@@H]1[C@@H](OS(=O)(=O)[O-])[C@H](O[C@@H]2CO[C@@H](O)[C@H](OS(=O)(=O)[O-])[C@H]2OS(=O)(=O)[O-])OC[C@H]1O
93,O[C@@H]1CO[C@H]2[C@@H]1OC[C@@H]2O
94,O=[N+]([O-])O[C@H]1CO[C@H]2[C@@H]1OC[C@H]2O[N+](=O)[O-]
95,[NH3+][C@@H]1CONC1=O
96,O=C([O-])CCCC[C@@H]1SC[C@@H]2NC(=O)N[C@@H]21
97,O=c1[nH]cnc2c1ncn2[C@H]1CC[C@@H](CO)O1
98,Nc1nc(=S)c2[nH]cnc2[nH]1
99,S=c1nc[nH]c2nc[nH]c12
100,Nc1cc(N2CCCCC2)nc(N)[n+]1[O-]
101,NC(=O)[C@@H]1CCCN1C(=O)[C@H](Cc1cnc[nH]1)NC(=O)[C@@H]1CCC(=O)N1
102,[NH3+]CCc1cnc[nH]1
103,Nc1[nH]c(=O)ncc1F
104,Oc1c(Cl)cc(Cl)c(Cl)c1Cc1c(O)c(Cl)cc(Cl)c1Cl
105,O=C(CCCCC(=O)Nc1c(I)cc(I)c(C(=O)[O-])c1I)Nc1c(I)cc(I)c(C(=O)[O-])c1I
106,O=C(CCOCCOCCOCCOCCC(=O)Nc1c(I)cc(I)c(C(=O)[O-])c1I)Nc1c(I)cc(I)c(C(=O)[O-])c1I
107,Clc1cc(Cl)c(OCC#CI)cc1Cl
108,[NH3+][C@@H](CC(=O)N1CCn2c(nnc2C(F)(F)F)C1)Cc1cc(F)c(F)cc1F
109,Nc1nc(=O)n([C@@H]2CS[C@H](CO)O2)cc1F
110,O=c1[nH]cc(F)c(=O)[nH]1
111,O=c1[nH]cc(N(CCCl)CCCl)c(=O)[nH]1
112,O=c1[nH]c(=O)n([C@H]2C[C@H](O)[C@@H](CO)O2)cc1C(F)(F)F
113,O=c1[nH]c(=O)n([C@H]2C[C@H](O)[C@@H](CO)O2)cc1F
114,O=c1[nH]c(=O)n([C@H]2C[C@H](O)[C@@H](CO)O2)cc1I
115,O=c1[nH]cc(F)c(=O)[nH]1
116,Nc1cc(Cl)c(NC2=[NH+]CCN2)c(Cl)c1
117,[NH3+][C@@H](Cc1cc(I)c(Oc2cc(I)c([O-])c(I)c2)c(I)c1)C(=O)[O-]
118,[NH3+][C@H](Cc1cc(I)c(Oc2cc(I)c([O-])c(I)c2)c(I)c1)C(=O)[O-]
119,N#Cc1cc(NC(=O)C(=O)[O-])c(Cl)c(NC(=O)C(=O)[O-])c1
120,O=C(OC[C@H]1O[C@@H](OC(=O)c2cc(O)c(O)c(OC(=O)c3cc(O)c(O)c(O)c3)c2)[C@H](OC(=O)c2cc(O)c(O)c(OC(=O)c3cc(O)c(O)c(O)c3)c2)[C@@H](OC(=O)c2cc(O)c(O)c(OC(=O)c3cc(O)c(O)c(O)c3)c2)[C@@H]1OC(=O)c1cc(O)c(O)c(OC(=O)c2cc(O)c(O)c(O)c2)c1)c1cc(O)c(O)c(OC(=O)c2cc(O)c(O)c(O)c2)c1
121,NS(=O)(=O)c1cc(Cl)c(Cl)c(S(N)(=O)=O)c1
122,Nc1nc(=O)c2c([nH]1)NC[C@@H](CNc1ccc(C(=O)N[C@@H](CCC(=O)[O-])C(=O)[O-])cc1)N2C=O
123,Nc1nc(=O)c2c([nH]1)NC[C@H](CNc1ccc(C(=O)N[C@@H](CCC(=O)O)C(=O)O)cc1)N2C=O
124,NC(N)=[NH+]c1nc(CSCC/C(N)=N/S(N)(=O)=O)cs1
125,Nc1nc(/C(=C/CC(=O)[O-])C(=O)N[C@@H]2C(=O)N3C(C(=O)[O-])=CCS[C@H]23)cs1
126,ClC[C@H]1CO1
127,Oc1ncnc2[nH]ncc12
128,O=C1OC2(c3cc([131I])c([O-])c([131I])c3Oc3c2cc([131I])c([O-])c3[131I])c2c(Cl)c(Cl)c(Cl)c(Cl)c21
129,[NH3+][C@@H]1CCCCN(c2c(F)cc3c(=O)c(C(=O)[O-])cn(C4CC4)c3c2Cl)C1
130,NS(=O)(=O)c1cc2c(cc1Cl)N[C@@H](C(Cl)Cl)NS2(=O)=O
131,NS(=O)(=O)c1cc2c(cc1Cl)N[C@H]([C@H]1C[C@H]3C=C[C@@H]1C3)NS2(=O)=O
132,NS(=O)(=O)c1cc2c(cc1Cl)NCNS2(=O)=O
133,O=C([O-])c1cn(C2CC2)c2cc(N3CC[NH2+]CC3)c(F)cc2c1=O
134,[NH3+][C@]12C[C@H]3C[C@H](C[C@H](C3)C1)C2
135,C1=C/C(=C2\N=c3cnc4c(c3=N2)COCC4)NO1
136,NC(=O)N/C=C1/NC(=O)[C@H](CNC(=O)C[C@@H]([NH3+])CCC[NH3+])NC(=O)[C@H](CO)NC(=O)[C@@H]([NH3+])CNC(=O)[C@H]([C@H]2CC[NH+]=C(N)N2)NC1=O
137,Nc1cc[nH+]cc1
138,[NH3+]CCc1cc[nH]n1
139,Nc1c(CC(=O)[O-])cccc1C(=O)c1ccc(Br)cc1
140,NC(N)=[NH+]C(=O)Cc1c(Cl)cccc1Cl
141,Nc1nnc(-c2cccc(Cl)c2Cl)c(N)n1
142,O=C1CCc2ccc(OCCCC[NH+]3CCN(c4cccc(Cl)c4Cl)CC3)cc2N1
143,Clc1cccc(Cl)c1NC1=[NH+]CCN1
144,Clc1ccc(CC[C@@H](Cn2ccnc2)Sc2c(Cl)cccc2Cl)cc1
145,NC(=O)c1cn(Cc2c(F)cccc2F)nn1
146,O=C1CN2Cc3c(ccc(Cl)c3Cl)[NH+]=C2N1
147,Brc1c(NC2=[NH+]CCN2)ccc2nccnc12
148,Clc1ccc2nsnc2c1NC1=[NH+]CCN1
149,O=C([O-])c1cc(/N=N/c2ccc(O)c(C(=O)[O-])c2)ccc1O
150,[NH3+]C[C@H](O)c1ccc(O)c(O)c1
151,O=C(Nc1ccc([N+](=O)[O-])cc1Cl)c1cc(Cl)ccc1O
152,O=C1CCCC(=O)[C-]1C(=O)c1ccc(C(F)(F)F)cc1[N+](=O)[O-]
153,O=C(Nc1c(Cl)cncc1Cl)c1ccc(OC(F)F)c(OCC2CC2)c1
154,O=C([O-])c1cc(-c2ccc(F)cc2F)ccc1O
155,[NH3+][C@@H](Cc1ccc(O)c(O)c1)C(=O)[O-]
156,[NH3+]CCc1ccc(O)c(O)c1
157,Clc1ccc([C@@H](Cn2ccnc2)OCc2ccsc2Cl)c(Cl)c1
158,O=C(NS(=O)(=O)c1ccc(Br)s1)c1ccc(Cl)cc1Cl
159,Clc1ccc(CO/N=C(/Cn2ccnc2)c2ccc(Cl)cc2Cl)c(Cl)c1
160,Clc1ccc(CO[C@@H](Cn2ccnc2)c2ccc(Cl)cc2Cl)c(Cl)c1
161,Oc1cc(Cl)ccc1Oc1ccc(Cl)cc1Cl
162,OC(Cn1cncn1)(Cn1cncn1)c1ccc(F)cc1F
163,[NH3+][C@@H]1[C@H]2CN(c3nc4c(cc3F)c(=O)c(C(=O)[O-])cn4-c3ccc(F)cc3F)C[C@@H]12
164,Nc1ccc(O)c(C(=O)[O-])c1
165,Nc1ccc(C(=O)[O-])c(O)c1
166,[NH3+][C@@H](Cc1cc(I)c(Oc2ccc(O)c(I)c2)c(I)c1)C(=O)[O-]
167,O=C(NC[C@H]1CCCC[NH2+]1)c1cc(OCC(F)(F)F)ccc1OCC(F)(F)F
168,O=C(O)C1(C(=O)O)CCC1
169,O=C1c2c([O-])ccc([O-])c2C(=O)c2c(NCC[NH2+]CCO)ccc(NCC[NH2+]CCO)c21
170,O=C1c2c(O)ccc(O)c2C(=O)c2c(NCCNCCO)ccc(NCCNCCO)c21
171,O=C1CC[C@@]2(O)[C@H]3Cc4ccc(O)c5c4[C@@]2(CC[N@H+]3CC2CC2)[C@H]1O5
172,Oc1ccc2c3c1O[C@H]1[C@@H](O)CC[C@@]4(O)[C@@H](C2)[N@H+](CC2CCC2)CC[C@]314
173,NC(N)=[NH+]Cc1cccc([131I])c1
174,O=C1[C@H](CC[C@H](O)c2ccc(F)cc2)[C@@H](c2ccc(O)cc2)N1c1ccc(F)cc1
175,Fc1ccc([C@@H]2CC[NH2+]C[C@H]2COc2ccc3c(c2)OCO3)cc1
176,O=C(N[C@H](CO)[C@H](O)c1ccc([N+](=O)[O-])cc1)[C-](Cl)Cl
177,O=C([O-])CCC(=O)OC[C@@H](NC(=O)[C-](Cl)Cl)[C@H](O)c1ccc([N+](=O)[O-])cc1
178,N#Cc1ccc(C(c2ccc(C#N)cc2)n2cncn2)cc1
179,[NH3+]C[C@H](CC(=O)[O-])c1ccc(Cl)cc1
180,O=C(CCC[N@H+]1CC[C@](O)(c2ccc(Cl)cc2)CC1)c1ccc(F)cc1
181,Nc1nc(=O)c2c([nH]1)NC[C@H](CNc1ccc(C(=O)N[C@@H](CCC(=O)[O-])C(=O)[O-])cc1)N2C=O
182,Nc1nc(=O)c2c([nH]1)NC[C@@H](CNc1ccc(C(=O)N[C@@H](CCC(=O)[O-])C(=O)[O-])cc1)N2C=O
183,Nc1nc(=O)c2nc(CNc3ccc(C(=O)N[C@@H](CCC(=O)[O-])C(=O)[O-])cc3)cnc2[nH]1
184,Nc1ccc(C(=O)NCC(=O)[O-])cc1
185,O=C([O-])CCNC(=O)c1ccc(N/N=C2/C=CC(=O)C(C(=O)[O-])=C2)cc1
186,O=C(c1ccc(OCC[NH+]2CCCCC2)cc1)c1c(-c2ccc(O)cc2)sc2cc(O)ccc12
187,Oc1ccc([C@@H]2C[NH2+]CCc3c2cc(O)c(O)c3Cl)cc1
188,O=C1CN(/N=C/c2ccc(-c3ccc([N+](=O)[O-])cc3)o2)C(=O)N1
189,[NH3+][C@@H](Cc1ccc(N(CCCl)CCCl)cc1)C(=O)[O-]
190,[NH3+][C@@H](Cc1ccc(O)cc1)C(=O)[O-]
191,c1cc(C[N@H+]2CCCNCC[NH2+]CCCNCC2)ccc1C[N@@H+]1CCCNCC[NH2+]CCCNCC1
192,NS(=O)(=O)c1ccc(C[NH3+])cc1
193,Nc1nc(=O)c2c(CCc3ccc(C(=O)N[C@@H](CCC(=O)[O-])C(=O)[O-])cc3)c[nH]c2[nH]1
194,Nc1nc(=O)c2c(CCc3ccc(C(=O)N[C@@H](CCC(=O)O)C(=O)O)cc3)c[nH]c2[nH]1
195,O=C([O-])CCCc1ccc(N(CCCl)CCCl)cc1
196,Oc1ccc(CCCC[NH2+]C[C@H](O)c2ccc(O)c(O)c2)cc1
197,Clc1ccc(CO[C@@H](Cn2ccnc2)c2ccc(Cl)cc2Cl)cc1
198,Clc1ccc(CS[C@@H](Cn2ccnc2)c2ccc(Cl)cc2Cl)cc1
199,Nc1ccc(S(=O)(=O)c2ccc(N)cc2)cc1
200,Nc1ccc(S(N)(=O)=O)cc1
201,O=C(NC[C@H]1CN(c2ccc(N3CCOCC3=O)cc2)C(=O)O1)c1ccc(Cl)s1
202,[NH2+]=C(NCCCCCCNC(=[NH2+])NC(=[NH2+])Nc1ccc(Cl)cc1)NC(=[NH2+])Nc1ccc(Cl)cc1
203,O=[S@@]([O-])CNc1ccc(S(=O)(=O)c2ccc(NC[S@@](=O)[O-])cc2)cc1
204,Oc1ccc(O)cc1
205,NC(=O)OC[C@H](O)COc1ccc(Cl)cc1
206,O=P([O-])([O-])C(Sc1ccc(Cl)cc1)P(=O)([O-])[O-]
207,O=C([O-])c1cccnc1
208,NC(=O)c1cccnc1
209,O=P([O-])([O-])C(O)(Cc1cccnc1)P(=O)([O-])[O-]
210,Nc1cccc2c1C(=O)N([C@@H]1CCC(=O)NC1=O)C2=O
211,O=C1CC[C@@H](N2C(=O)c3ccccc3C2=O)C(=O)N1
212,Nc1cccc2c1CN([C@H]1CCC(=O)NC1=O)C2=O
213,O=C1CCc2ccc(OCCCCN3CCN(c4cccc(Cl)c4Cl)CC3)cc2N1
214,NS(=O)(=O)c1cc(C(=O)[O-])c(NCc2ccco2)cc1Cl
215,O=C1CN(/N=C/c2ccc([N+](=O)[O-])o2)C(=O)N1
216,O=C1OCCN1/N=C/c1ccc([N+](=O)[O-])o1
217,NC(=O)N/N=C/c1ccc([N+](=O)[O-])o1
218,O=C1O[Pt]OC(=O)C12CCC2
219,Nc1cccc2c1CN([C@H]1CCC(=O)NC1=O)C2=O
220,O=C([O-])c1cc(=O)c2c(OCC(O)COc3cccc4oc(C(=O)[O-])cc(=O)c34)cccc2o1
221,Oc1c(Cl)cc(Cl)c2cccnc12
222,Oc1c(I)cc(Cl)c2cccnc12
223,O[C@@H](c1cc(C(F)(F)F)nc2c(C(F)(F)F)cccc12)[C@H]1CCCC[NH2+]1
224,O=C1C([O-])=C([C@H]2CC[C@H](c3ccc(Cl)cc3)CC2)C(=O)c2ccccc21
225,N#Cc1ccc2[nH]cc(CCCC[NH+]3CCN(c4ccc5oc(C(N)=O)cc5c4)CC3)c2c1
226,O=C1Nc2ccc(Cl)cc2[C@@](C#CC2CC2)(C(F)(F)F)O1
227,O=c1[nH]c2cc(Cl)ccc2o1
228,O[C@H](C[NH2+]C[C@H](O)[C@H]1CCc2cc(F)ccc2O1)[C@@H]1CCc2cc(F)ccc2O1
229,Nc1nc2ccc(OC(F)(F)F)cc2s1
230,O=C1CCc2cc(OCCCCc3nnnn3C3CCCCC3)ccc2N1
231,Clc1ccc([C@H](Cn2ccnc2)OCc2csc3c(Cl)cccc23)c(Cl)c1
232,Clc1ccc2c(c1)CCc1cccnc1C2=C1CC[NH2+]CC1
233,O=C1c2cccc3c2[C@H](CCC3)CN1[C@@H]1C[N@H+]2CC[C@@H]1CC2
234,Oc1cccc2cccnc12
235,N[C@@H]1CCCC[C@H]1[NH3+]
236,Clc1ccc([C@H](c2ccccc2Cl)C(Cl)Cl)cc1
237,Nc1nc(N)c2nc(CNc3ccc(C(=O)N[C@@H](CCCNC(=O)c4ccccc4C(=O)O)C(=O)O)cc3)cnc2n1
238,O=C1Nc2ccc(Cl)cc2C(c2ccccc2Cl)=N[C@@H]1O
239,O=C([O-])c1ccc(-n2nc(-c3ccccc3O)nc2-c2ccccc2O)cc1
240,O=C1CN=C(c2ccccc2Cl)c2cc([N+](=O)[O-])ccc2N1
241,Fc1ccccc1C1=NCC(=S)N(CC(F)(F)F)c2ccc(Cl)cc21
242,Clc1ccccc1C[N@H+]1CCc2sccc2C1
243,O=C([O-])Cc1ccccc1Nc1c(Cl)cccc1Cl
244,[NH3+]Cc1ccccc1CC(=O)N[C@@H]1C(=O)N2C(C(=O)[O-])=C(CSc3nnnn3CC(=O)[O-])CS[C@H]12
245,[NH3+]CC1(CC(=O)[O-])CCCCC1
246,Nc1ccc(/N=N/c2ccccc2)c(N)n1
247,O=C([O-])C1=C(CSc2nnnn2CS(=O)(=O)[O-])CS[C@@H]2[C@H](NC(=O)[C@H](O)c3ccccc3)C(=O)N12
248,[NH3+][C@@H](C(=O)N[C@@H]1C(=O)N2C(C(=O)[O-])=C(Cl)CC[C@H]12)c1ccccc1
249,O=C([O-])COCC[NH+]1CCN([C@H](c2ccccc2)c2ccc(Cl)cc2)CC1
250,O=C(O[C@H]1C[N@H+]2CC[C@@H]1CC2)N1CCc2ccccc2[C@@H]1c1ccccc1
251,c1ccc([C@H]2CN3CCSC3=[NH+]2)cc1
252,O=C([O-])COCC[NH+]1CCN([C@H](c2ccccc2)c2ccc(Cl)cc2)CC1
253,OCCOCC[NH+]1CCN([C@@H](c2ccccc2)c2ccc(Cl)cc2)CC1
254,NC(=O)C(c1ccccc1)(c1ccccc1)[C@@H]1CC[N@@H+](CCc2ccc3c(c2)CCO3)C1
255,O=C(O[C@H]1C[C@H]2CC[C@@H](C1)[N+]21CCCC1)C(O)(c1ccccc1)c1ccccc1
256,Clc1ccccc1C(c1ccccc1)(c1ccccc1)n1ccnc1
257,NC(=O)C[S@@](=O)C(c1ccccc1)c1ccccc1
258,NC(=O)C[S@@](=O)C(c1ccccc1)c1ccccc1
259,O[C@](CC[NH+]1CCCC1)(c1ccccc1)C1CCCCC1
260,O[C@](CC[NH+]1CCCCC1)(c1ccccc1)[C@@H]1C[C@H]2C=C[C@@H]1C2
261,O[C@@](CC[NH+]1CCCCC1)(c1ccccc1)C1CCCC1
262,O[C@@](CC[NH+]1CCCCC1)(c1ccccc1)C1CCCCC1
263,OC(CCC[NH+]1CCCCC1)(c1ccccc1)c1ccccc1
264,NC(=O)OCC(COC(N)=O)c1ccccc1
265,O=C([O-])c1ccccc1
266,O=C(c1ccccc1)c1ccc2n1CC[C@@H]2C(=O)[O-]
267,NC(=O)Cc1cccc(C(=O)c2ccccc2)c1N
268,O=C([O-])c1ccc(NC(=O)[C@@H](Cc2ccc(O)cc2)NC(=O)c2ccccc2)cc1
269,O=C([O-])CNC(=O)c1ccccc1
270,O=C(OOC(=O)c1ccccc1)c1ccccc1
271,O=C1NC(c2ccccc2)(c2ccccc2)C(=O)N1COP(=O)([O-])[O-]
272,O=C1NC(=O)C(c2ccccc2)(c2ccccc2)N1
273,N#CC(CC[N@H+]1CC[C@](C(=O)[O-])(c2ccccc2)CC1)(c1ccccc1)c1ccccc1
274,Nc1nc(N)c2nc(-c3ccccc3)c(N)nc2n1
275,NC1=[NH+]C(=O)[C@@H](c2ccccc2)O1
276,O=C1c2ccccc2C(=O)C1c1ccccc1
277,O=C([O-])CCc1nc(-c2ccccc2)c(-c2ccccc2)o1
278,[NH3+][C@@H]1C[C@@H]1c1ccccc1
279,O=C([O-])[C@@H]1N=C(c2ccccc2)c2cc(Cl)ccc2NC1=O
280,O=C1Nc2ccc(Cl)cc2C(c2ccccc2)=N[C@@H]1O
281,O=C1CN=C(c2ccccc2)c2cc(Cl)ccc2N1CC(F)(F)F
282,O=C1CN=C(c2ccccc2)c2cc(Cl)ccc2N1CC1CC1
283,Clc1ccc2c(c1)C(c1ccccc1)=NCc1nncn1-2
284,NC(=[NH2+])NCCC[C@@H](NC(=O)[C@@H]1CCCN1C(=O)[C@@H]1CSSCCC(=O)N[C@@H](Cc2ccc(O)cc2)C(=O)N[C@@H](Cc2ccccc2)C(=O)N[C@@H](CCC(N)=O)C(=O)N[C@@H](CC(N)=O)C(=O)N1)C(=O)NCC(N)=O
285,O=C([O-])Cc1ccccc1
286,NC(=O)NC(=O)Cc1ccccc1
287,c1ccc(CC2=[NH+]CCN2)cc1
288,NC(=O)CC[C@@H]1NC(=O)[C@H](Cc2ccccc2)NC(=O)[C@H](Cc2ccc(O)cc2)NC(=O)[C@H]([NH3+])CSSC[C@H](C(=O)N2CCC[C@H]2C(=O)N[C@H](CCC[NH+]=C(N)N)C(=O)NCC(N)=O)NC(=O)[C@@H](CC(N)=O)NC1=O
289,NC(=O)CC[C@@H]1NC(=O)[C@@H](Cc2ccccc2)NC(=O)[C@H](Cc2ccc(O)cc2)NC(=O)[C@H]([NH3+])CSSC[C@@H](C(=O)N2CCC[C@@H]2C(=O)N[C@H](CCCC[NH3+])C(=O)NCC(N)=O)NC(=O)[C@H](CC(N)=O)NC1=O
290,NS(=O)(=O)c1cc2c(cc1C(F)(F)F)N[C@H](Cc1ccccc1)NS2(=O)=O
291,[NH3+]CCCC[C@H]([NH2+][C@@H](CCc1ccccc1)C(=O)[O-])C(=O)N1CCC[C@H]1C(=O)[O-]
292,O=C([O-])CCCc1ccccc1
293,OCc1cc([C@H](O)C[NH2+]CCCCCCOCCCCc2ccccc2)ccc1O
294,NNCCc1ccccc1
295,c1ccc(CN(CC2=[NH+]CCN2)c2ccccc2)cc1
296,O=C1N(Cc2ccccc2)[C@@H]2[C@H]3CCC[S@@+]3C[C@@H]2N1Cc1ccccc1
297,O=C(OCc1ccccc1)c1ccccc1
298,Oc1ccc(OCc2ccccc2)cc1
299,O=C([O-])CN(CCN(CC(=O)[O-])[C@@H](COCc1ccccc1)C(=O)[O-])CC[NH+](CC(=O)[O-])CC(=O)[O-]
300,NS(=O)(=O)c1cc2c(cc1Cl)NC(CSCc1ccccc1)=NS2(=O)=O
301,Nc1ccc(S(=O)(=O)[N-]c2ccnn2-c2ccccc2)cc1
302,
303,O=C(CCCCCCC(=O)Nc1ccccc1)NO
304,O=NN(CCCl)C(=O)NC1CCCCC1
305,O=C(/C=C/c1cccc(S(=O)(=O)Nc2ccccc2)c1)NO
306,Nc1ccc(C(=O)Oc2ccccc2)c(O)c1
307,NC(N)=[NH+]C[C@@H]1COC2(CCCCC2)O1
308,Clc1ccc2c(c1)C(N1CC[NH2+]CC1)=[NH+]c1ccccc1O2
309,O=c1[nH]c2ccccc2n1[C@H]1CC[N@H+](CCCC(c2ccc(F)cc2)c2ccc(F)cc2)CC1
310,O=C(CCC[N@H+]1CC=C(n2c(=O)[nH]c3ccccc32)CC1)c1ccc(F)cc1
311,OCCOCC[NH+]1CCN(C2=[NH+]c3ccccc3Sc3ccccc32)CC1
312,O=C([O-])C[C@H](O)C[C@H](O)/C=C/c1c(C2CC2)nc2ccccc2c1-c1ccc(F)cc1
313,O=c1oc2ccccc2c([O-])c1Cc1c([O-])c2ccccc2oc1=O
314,Nc1c2c([nH+]c3ccccc13)CCCC2
315,O=C(O[C@H]1C[C@@H]2C[C@@H]3C[C@H](C1)[N@H+]2CC3=O)c1c[nH]c2ccccc12
316,Clc1ccc(Nc2nnc(Cc3ccncc3)c3ccccc23)cc1
317,NS(=O)(=O)Cc1noc2ccccc12
318,O=C1[C@@H]2[C@H]3CC[C@H](C3)[C@@H]2C(=O)N1C[C@@H]1CCCC[C@H]1C[NH+]1CCN(c2nsc3ccccc23)CC1
319,O=C1Cc2cc(CC[NH+]3CCN(c4nsc5ccccc45)CC3)c(Cl)cc2N1
320,O=C1CC[C@@H](N2C(=O)c3ccccc3C2=O)C(=O)N1
321,NS(=O)(=O)c1cc([C@@]2(O)NC(=O)c3ccccc32)ccc1Cl
322,O=C1O[Bi](O)Oc2ccccc21
323,O=C1OC2(c3ccc(O)cc3Oc3cc(O)ccc32)c2ccccc21
324,O[C@]1(c2ccc(Cl)cc2)c2ccccc2C2=[NH+]CCN21
325,O=C(CCS)N1CCc2c([nH]c3ccccc23)C1
326,O=C([O-])c1cc2ccccc2c(Cc2c(O)c(C(=O)[O-])cc3ccccc23)c1O
327,NC(N)=[NH+]CCC[C@@H]([NH3+])C(=O)N[C@H](CCC[NH+]=C(N)N)C(=O)N1CCC[C@@H]1C(=O)N1C[C@H](O)C[C@H]1C(=O)NCC(=O)N[C@@H](Cc1cccs1)C(=O)N[C@@H](CO)C(=O)N1Cc2ccccc2C[C@H]1C(=O)N1[C@H](C(=O)N[C@@H](CCC[NH+]=C(N)N)C(=O)[O-])C[C@@H]2CCCC[C@@H]21
328,NC(=O)N1c2ccccc2CC(=O)c2ccccc21
329,NC1=[NH+]C[C@H]2c3ccccc3Cc3ccccc3N12
330,NC(=O)N1c2ccccc2C=Cc2ccccc21
331,c1ccc2c(c1)CCC[C@H]2C1=[NH+]CCN1
332,c1ccc2c(CC3=[NH+]CCN3)cccc2c1
333,O=C(C1CCCCC1)N1CC(=O)N2CCc3ccccc3[C@H]2C1
334,NNc1nncc2ccccc12
335,OCC[NH+]1CCN(CCCN2c3ccccc3Sc3ccc(C(F)(F)F)cc32)CC1
336,OCC[NH+]1CCN(CCCN2c3ccccc3Sc3ccc(Cl)cc32)CC1
337,NC(N)=[NH+]CCN1CCCCCCC1
338,[O-]n1ccccc1=S
339,O=C(c1ccc2nonc2c1)N1CCCCC1
340,O=c1n(CCC[NH+]2CCN(c3cccc(Cl)c3)CC2)nc2ccccn12
341,O=C(c1ccc(F)c(F)c1Nc1ccc(I)cc1F)N1CC(O)([C@@H]2CCCCN2)C1
342,O=C([O-])CCC[N@H+]1CC[C@H](O[C@@H](c2ccc(Cl)cc2)c2ccccn2)CC1
343,O=C([O-])c1cc(/N=N/c2ccc(S(=O)(=O)[N-]c3ccccn3)cc2)ccc1O
344,Nc1ccc(S(=O)(=O)[N-]c2ccccn2)cc1
345,Nc1ccn([C@@H]2CS[C@H](CO)O2)c(=O)n1
346,Nc1ccn([C@@H]2O[C@H](CO)[C@@H](O)[C@@H]2O)c(=O)n1
347,Nc1ccn([C@@H]2O[C@H](CO)[C@@H](O)C2(F)F)c(=O)n1
348,Nc1ccn([C@@H]2O[C@H](CO)[C@@H](O)C2(F)F)c(=O)n1
349,Nc1ccn([C@H]2CC[C@@H](CO)O2)c(=O)n1
350,Nc1ccn(C[C@@H](CO)OCP(=O)([O-])[O-])c(=O)n1
351,O=C([O-])CN1CCN([C@@H](CO)[C@@H](O)CO)CCN(CC(=O)[O-])CC[NH+](CC(=O)[O-])CC1
352,O=C(CCBr)N1CCN(C(=O)CCBr)CC1
353,O=C(Nc1cnccc1Cl)N1CCN(Cc2ccc3c(c2)OC(F)(F)O3)CC1
354,O=P([O-])([O-])C(O)(Cn1ccnc1)P(=O)([O-])[O-]
355,O=[P@@]1(NCCCl)OCCCN1CCCl
356,S=P(N1CC1)(N1CC1)N1CC1
357,NC(=O)c1cnccn1
358,Nc1ccc(S(=O)(=O)[N-]c2ncccn2)cc1
359,O=C1CC2(CCCC2)CC(=O)N1CCCC[NH+]1CCN(c2ncccn2)CC1
360,c1cnc2cc3c(cc2n1)[C@@H]1C[NH2+]C[C@H]3C1
361,C1C[NH2+]CCN1
362,NNC(=O)c1ccncc1
363,Nc1cc(-c2ccncc2)c[nH]c1=O
364,O=[P@]1(N(CCCl)CCCl)NCCCO1
365,O=C1CCO1
366,Nc1ncnc2c1ncn2[C@@H]1O[C@H](CO)[C@@H](O)[C@H]1O
367,Nc1ncnc2c1ncn2[C@@H]1O[C@H](CO)[C@@H](O)[C@@H]1O
368,Nc1ncn([C@@H]2O[C@H](CO)[C@@H](O)[C@H]2O)c(=O)n1
369,Nc1ncn([C@H]2C[C@H](O)[C@@H](CO)O2)c(=O)n1
370,NC(=O)c1ncn([C@@H]2O[C@H](CO)[C@@H](O)[C@H]2O)n1
371,Nc1nc(=S)c2[nH]cnc2[nH]1
372,S=c1nc[nH]c2nc[nH]c12
373,Nc1nc(Cl)nc2c1ncn2[C@@H]1O[C@H](CO)[C@@H](O)[C@@H]1F
374,Nc1nc(F)nc2c1ncn2[C@@H]1O[C@H](CO)[C@@H](O)[C@@H]1O
375,Nc1nc(F)nc2c1ncn2[C@@H]1O[C@H](COP(=O)(O)O)[C@@H](O)[C@@H]1O
376,OC[C@H]1O[C@@H](n2cnc3c2NC=[NH+]C[C@H]3O)C[C@@H]1O
377,Nc1nc(=O)c2ncn(CCC(CO)CO)c2[nH]1
378,Nc1nc(=O)c2ncn(COCCO)c2[nH]1
379,Nc1nc(NC2CC2)c2ncn([C@H]3C=C[C@@H](CO)C3)c2n1
380,Nc1nc(Cl)nc2c1ncn2[C@@H]1O[C@H](CO)[C@@H](O)[C@@H]1F
381,Nc1nc(F)nc2c1ncn2[C@@H]1O[C@H](COP(=O)([O-])[O-])[C@@H](O)[C@@H]1O
382,Nc1nc(Cl)nc2c1ncn2[C@H]1C[C@H](O)[C@@H](CO)O1
383,Nc1nc2c(ncn2COC(CO)CO)c(=O)[nH]1
384,C[N@@H+]1CCC[C@@H]1CCO[C@](C)(c1ccccc1)c1ccc(Cl)cc1
385,C[C@]1(Cn2ccnn2)[C@H](C(=O)[O-])N2C(=O)C[C@H]2S1(=O)=O
386,C[N@H+]1C[C@H](C(=O)N[C@]2(C)O[C@@]3(O)[C@@H]4CCCN4C(=O)[C@H](Cc4ccccc4)N3C2=O)C[C@@H]2c3cccc4[nH]cc(c34)C[C@H]21
387,C[N@H+]1C[C@H](C(=O)N[C@]2(C)O[C@@]3(O)[C@@H]4CCCN4C(=O)[C@H](Cc4ccccc4)N3C2=O)C=C2c3cccc4[nH]cc(c34)C[C@H]21
388,C[C@H](O)[C@H](O)[C@H]1CNc2[nH]c(N)nc(=O)c2N1
389,C[C@H]([NH3+])[C@H](O)c1ccc(O)c(O)c1
390,C[C@H]([NH2+]CCc1ccc(O)cc1)[C@H](O)c1ccc(O)cc1
391,C[C@H]([NH3+])[C@H](O)c1cccc(O)c1
392,C[NH2+][C@@H](C)[C@@H](O)c1ccccc1
393,C/C(=N\O)[C@@H](C)[NH2+]CC(C)(C)C[NH2+][C@H](C)/C(C)=N/O
394,C[C@H]([NH2+][C@@H](CCc1ccccc1)C(=O)[O-])C(=O)N1CCC[C@H]1C(=O)[O-]
395,C[C@H]([NH3+])C(=O)N[C@@H](C)C(=O)N[C@H]1[C@@H]2CN(c3nc4c(cc3F)c(=O)c(C(=O)[O-])cn4-c3ccc(F)cc3F)C[C@@H]21
396,CC(C)C[C@@H](NC(=O)[C@H](C)NC(=O)CNC(=O)[C@@H](NC=O)C(C)C)C(=O)N[C@@H](C)C(=O)N[C@@H](C(=O)N[C@H](C(=O)N[C@H](C(=O)N[C@@H](Cc1c[nH]c2ccccc12)C(=O)N[C@H](CC(C)C)C(=O)N[C@@H](Cc1c[nH]c2ccccc12)C(=O)N[C@H](CC(C)C)C(=O)N[C@@H](Cc1c[nH]c2ccccc12)C(=O)N[C@H](CC(C)C)C(=O)N[C@@H](Cc1c[nH]c2ccccc12)C(=O)NCCO)C(C)C)C(C)C)C(C)C
397,C[C@H](O)C(=O)Nc1c(I)c(C(=O)NC(CO)CO)c(I)c(C(=O)NC(CO)CO)c1I
398,C[C@@H](c1ncncc1F)[C@](O)(Cn1cncn1)c1ccc(F)cc1F
399,COc1ccc2cc([C@H](C)C(=O)OCCCCO[N+](=O)[O-])ccc2c1
400,C[C@H](OC(=O)c1ccccc1)C1=CCC23OCC[NH+](C)CC12C[C@@H](O)C12O[C@@]4(O)CC[C@@]1(C)[C@H](CC=C32)C4
401,COc1ccc2cc([C@H](C)C(=O)[O-])ccc2c1
402,C[C@H]([NH3+])Cc1ccccc1
403,C[C@@H](Cc1ccccc1)NC(=O)[C@@H]([NH3+])CCCC[NH3+]
404,COc1ccc2c(c1)N(C[C@H](C)C[NH+](C)C)c1ccccc1S2
405,C[C@@H](CN1CC(=O)NC(=O)C1)[NH+]1CC(=O)NC(=O)C1
406,C[C@@H](O)[C@H]1C(=O)N2C(C(=O)[O-])=C(S[C@@H]3C[NH2+][C@H](C(=O)N(C)C)C3)[C@H](C)[C@H]12
407,C[C@@H](O)[C@H]1C(=O)N2C(C(=O)[O-])=C(S[C@@H]3C[NH2+][C@H](C(=O)Nc4cccc(C(=O)[O-])c4)C3)[C@H](C)[C@H]12
408,C[C@@H](O)[C@H]1C(=O)N2C(C(=O)[O-])=C(S[C@@H]3C[NH2+][C@H](CNS(N)(=O)=O)C3)[C@H](C)[C@H]12
409,C[C@@H]1/C=C/C=C\C=C\C=C\C=C\C=C\C=C\[C@@H](O[C@H]2O[C@H](C)[C@@H](O)[C@H]([NH3+])[C@@H]2O)C[C@@H]2O[C@](O)(C[C@H](O)C[C@@H](O)C[C@H](O)CC(=O)CCCC(=O)CC(=O)O[C@@H]1[C@@H](C)C[C@@H](C)[C@@H](O)CC(=O)c1ccc(N)cc1)C[C@H](O)[C@@H]2C(=O)[O-]
410,C[C@@H]1[C@H](O)[C@@H](C)/C=C/C=C/CC/C=C/C=C/C=C/C=C/[C@@H](O[C@H]2O[C@H](C)[C@@H](O)[C@H]([NH3+])[C@@H]2O)C[C@@H](O)[C@@H](C(=O)[O-])[C@H](O)CC(=O)C[C@H](O)[C@@H](O)CC[C@@H](O)C[C@H](O)C[C@@H](O)CC(=O)O[C@H]1C
411,C[C@H]1O[C@H](O[C@H]2[C@H](O)[C@@H](O)[C@@H](O[C@H]3[C@H](O)[C@@H](O)[C@H](O)O[C@@H]3CO)O[C@@H]2CO)[C@H](O)[C@@H](O)[C@@H]1[NH2+][C@H]1C=C(CO)[C@H](O)[C@H](O)[C@H]1O
412,C[C@H]1O[C@@H](O[C@H]2[C@@H](O)C[C@H](O[C@H]3[C@@H](O)C[C@H](O[C@H]4CC[C@@]5(C)[C@H](CC[C@@H]6[C@@H]5C[C@@H](O)[C@]5(C)[C@@H](C7=CC(=O)OC7)CC[C@]65O)C4)O[C@@H]3C)O[C@@H]2C)C[C@H](O)[C@@H]1O
413,C[C@H]1O[C@@H](O[C@H]2[C@@H](O)C[C@H](O[C@H]3[C@@H](O)C[C@H](O[C@H]4CC[C@@]5(C)[C@H](CC[C@@H]6[C@@H]5CC[C@]5(C)[C@@H](C7=CC(=O)OC7)CC[C@]65O)C4)O[C@@H]3C)O[C@@H]2C)C[C@H](O)[C@@H]1O
414,C[C@H]1O[C@@H](O[C@H]2CC[C@@]3(C)[C@H](CC[C@@H]4[C@@H]3C[C@@H](O)[C@]3(C)[C@@H](C5=CC(=O)OC5)CC[C@]43O)C2)C[C@H](O)[C@@H]1O[C@H]1C[C@H](O)[C@H](O[C@H]2C[C@H](O)[C@H](O[C@@H]3O[C@H](CO)[C@@H](O)[C@H](O)[C@H]3O)[C@@H](C)O2)[C@@H](C)O1
415,CC(=O)O[C@H]1C[C@H](O[C@H]2[C@@H](O)C[C@H](O[C@H]3[C@@H](O)C[C@H](O[C@H]4CC[C@@]5(C)[C@H](CC[C@@H]6[C@@H]5CC[C@]5(C)[C@@H](C7=CC(=O)OC7)CC[C@]65O)C4)O[C@@H]3C)O[C@@H]2C)O[C@H](C)[C@H]1O
416,C[C@@H]1C/C=C/C=C/C=C/C=C/[C@H](O[C@H]2O[C@H](C)[C@@H](O)[C@H]([NH3+])[C@@H]2O)C[C@@H]2O[C@](O)(C[C@@H](O)C[C@H]3O[C@@H]3/C=C/C(=O)O1)C[C@H](O)[C@H]2C(=O)[O-]
417,C=CC[C@@H]1/C=C(\C)C[C@H](C)C[C@H](OC)[C@H]2O[C@@](O)(C(=O)C(=O)N3CCCC[C@H]3C(=O)O[C@H](/C(C)=C/[C@@H]3CC[C@@H](O)[C@H](OC)C3)[C@H](C)[C@@H](O)CC1=O)[C@H](C)C[C@@H]2OC
418,CO[C@H]1C[C@H](O[C@H]2[C@H](C)[C@@H](O[C@@H]3O[C@H](C)C[C@H]([NH+](C)C)[C@H]3OC(C)=O)[C@@H](C)C[C@@]3(CO3)C(=O)[C@H](C)[C@@H](OC(C)=O)[C@@H](C)[C@@H](C)OC(=O)[C@@H]2C)O[C@@H](C)[C@@H]1OC(C)=O
419,C=C1C[C@@H]2CC[C@@]34C[C@H]5O[C@H]6[C@@H](O3)[C@H]3O[C@H](CC[C@@H]3O[C@H]6[C@H]5O4)CC(=O)C[C@@H]3[C@@H](OC)[C@@H](C[C@H](O)CN)O[C@H]3C[C@H]3O[C@@H](CC[C@@H]1O2)C[C@@H](C)C3=C
420,C[C@@H]1C[C@H]2[C@@H]3C[C@H](F)C4=CC(=O)C=C[C@]4(C)[C@@]3(F)[C@@H](O)C[C@]2(C)[C@@]1(O)C(=O)COC(=O)C(C)(C)C
421,C[C@@H]1C[C@H]2[C@@H]3C[C@H](F)C4=CC(=O)C=C[C@]4(C)[C@@]3(F)[C@@H](O)C[C@]2(C)[C@@]1(OC(=O)c1ccco1)C(=O)SCF
422,C[C@@H]1C[C@H]2[C@@H]3C[C@H](F)C4=CC(=O)C=C[C@]4(C)[C@@]3(Cl)[C@@H](O)C[C@]2(C)[C@H]1C(=O)COC(=O)C(C)(C)C
423,CC(=O)OCC(=O)[C@@]1(O)[C@H](C)C[C@H]2[C@@H]3C[C@H](F)C4=CC(=O)C=C[C@]4(C)[C@H]3[C@@H](O)C[C@@]21C
424,C[C@@H]1C[C@H]2[C@@H]3CCC4=CC(=O)C=C[C@]4(C)[C@@]3(Cl)[C@@H](O)C[C@]2(C)[C@@]1(OC(=O)c1ccco1)C(=O)CCl
425,C[C@@H]1C[C@H]2[C@@H]3CCC4=CC(=O)C=C[C@]4(C)[C@@]3(F)[C@@H](O)C[C@]2(C)[C@@]1(O)C(=O)CO
426,C[C@@H]1C[C@H]2[C@@H]3CCC4=CC(=O)C=C[C@]4(C)[C@@]3(F)[C@@H](O)C[C@]2(C)[C@@]1(O)C(=O)COP(=O)([O-])[O-]
427,C[C@@H]1C[C@H]2[C@@H]3CCC4=CC(=O)C=C[C@]4(C)[C@@]3(F)[C@@H](O)C[C@]2(C)[C@H]1C(=O)CO
428,C[NH2+][C@@H]1[C@H](O)[C@H]([NH2+]C)[C@H]2O[C@@]3(O)C(=O)C[C@@H](C)O[C@H]3O[C@@H]2[C@H]1O
429,COC1=CC(=O)C[C@@H](C)[C@]12Oc1c(Cl)c(OC)cc(OC)c1C2=O
430,C=C[C@]1(C)C[C@@H](OC(=O)CS[C@@H]2C[C@H]3CC[C@@H](C2)[N@@H+]3C)[C@]2(C)[C@H](C)CC[C@]3(CCC(=O)[C@H]32)[C@@H](C)[C@@H]1O
431,CC(C)[C@@H]1CC[C@@H](C)C[C@H]1O
432,CO[C@H]1O[C@@H]2O[C@@]3(C)CC[C@H]4[C@H](C)CC[C@@H]([C@H]1C)[C@@]24OO3
433,CO[C@H]1C[C@@H]2CC[C@@H](C)[C@@](O)(O2)C(=O)C(=O)N2CCCC[C@H]2C(=O)O[C@H]([C@H](C)C[C@@H]2CC[C@@H](O)[C@H](OC)C2)CC(=O)[C@H](C)/C=C(\C)[C@@H](O)[C@@H](OC)C(=O)[C@H](C)C[C@H](C)/C=C/C=C/C=C/1C
434,CO[C@H]1C[C@@H]2CC[C@@H](C)[C@@](O)(O2)C(=O)C(=O)N2CCCC[C@H]2C(=O)O[C@H]([C@H](C)C[C@@H]2CC[C@@H](OCCO)[C@H](OC)C2)CC(=O)[C@H](C)/C=C(\C)[C@@H](O)[C@@H](OC)C(=O)[C@H](C)C[C@H](C)/C=C/C=C/C=C/1C
435,CO[C@H]1C[C@@H]2CC[C@@H](C)[C@@](O)(O2)C(=O)C(=O)N2CCCC[C@H]2C(=O)O[C@H]([C@H](C)C[C@@H]2CC[C@@H](OCCO)[C@H](OC)C2)CC(=O)[C@H](C)/C=C(\C)[C@@H](O)[C@@H](OC)C(=O)[C@H](C)C[C@H](C)/C=C\C=C\C=C\1C
436,CO[C@H]1C[C@H]2CC[C@@H](C)[C@@](O)(O2)C(=O)C(=O)N2CCCC[C@H]2C(=O)O[C@H]([C@H](C)C[C@@H]2CC[C@@H](OC(=O)C(C)(CO)CO)[C@H](OC)C2)CC(=O)[C@H](C)/C=C(\C)[C@@H](O)[C@@H](OC)C(=O)[C@H](C)C[C@H](C)/C=C/C=C/C=C/1C
437,C[C@@H]1CCN(C(=O)[C@H](CCC[NH+]=C(N)N)NS(=O)(=O)c2cccc3c2NC[C@H](C)C3)[C@@H](C(=O)[O-])C1
438,C[C@@H]1CN(c2c(F)c(N)c3c(=O)c(C(=O)[O-])cn(C4CC4)c3c2F)C[C@H](C)[NH2+]1
439,C[C@@H]1O[C@@]2(CS1)C[N@H+]1CC[C@@H]2CC1
440,COc1cc([C@@H]2c3cc4c(cc3[C@@H](O[C@@H]3O[C@@H]5CO[C@@H](C)O[C@H]5[C@H](O)[C@H]3O)[C@H]3COC(=O)[C@H]23)OCO4)cc(OC)c1O
441,COc1cc([C@@H]2c3cc4c(cc3[C@@H](O[C@@H]3O[C@@H]5CO[C@@H](C)O[C@H]5[C@H](O)[C@H]3O)[C@H]3COC(=O)[C@H]23)OCO4)cc(OC)c1O
442,CO[C@]12CC[C@@]3(C[C@@H]1[C@](C)(O)C(C)(C)C)[C@H]1Cc4ccc(O)c5c4[C@@]3(CC[N@@H+]1CC1CC1)[C@H]2O5
443,C[C@]([NH3+])(Cc1ccc(O)c(O)c1)C(=O)[O-]
444,C[C@]([NH3+])(Cc1ccc(O)cc1)C(=O)[O-]
445,C[NH+](C)[C@@H]1C([O-])=C(C(N)=O)C(=O)[C@@]2(O)C([O-])=C3C(=O)c4c([O-])cccc4[C@@](C)(O)[C@H]3[C@H](O)[C@@H]12
446,C[NH+](C)[C@@H]1C([O-])=C(C(N)=O)C(=O)[C@@]2(O)C([O-])=C3C(=O)c4c([O-])cccc4[C@@](C)(O)[C@H]3C[C@@H]12
447,CC1(C)O[C@@H]2C[C@H]3[C@@H]4C[C@H](F)C5=CC(=O)C=C[C@]5(C)[C@@]4(F)[C@@H](O)C[C@]3(C)[C@]2(C(=O)CO)O1
448,CC1(C)O[C@@H]2C[C@H]3[C@@H]4CCC5=CC(=O)C=C[C@]5(C)[C@@]4(F)[C@@H](O)C[C@]3(C)[C@]2(C(=O)CO)O1
449,CC(C)(C)CC(=O)OCC(=O)[C@@]12OC(C)(C)O[C@@H]1C[C@H]1[C@@H]3CCC4=CC(=O)C=C[C@]4(C)[C@@]3(F)[C@@H](O)C[C@@]12C
450,C[C@]12C=CC(=O)C=C1CC[C@H]1[C@@H]3C[C@@H](O)[C@](O)(C(=O)CO)[C@@]3(C)C[C@H](O)[C@@]12F
451,CC1(C)O[C@@H]2C[C@H]3[C@@H]4C[C@H](F)C5=CC(=O)C=C[C@]5(C)[C@H]4[C@@H](O)C[C@]3(C)[C@]2(C(=O)CO)O1
452,CC1(C)O[C@@H]2C[C@H]3[C@@H]4CCC5=CC(=O)C=C[C@]5(C)[C@H]4[C@@H](O)C[C@]3(C)[C@]2(C(=O)CO)O1
453,C[C@]12C=CC(=O)C=C1[C@@H](F)C[C@@H]1[C@@H]2[C@@H](O)C[C@@]2(C)[C@H]1CC[C@]2(O)C(=O)CO
454,C[C@]12C=CC(=O)C=C1CC[C@@H]1[C@@H]2[C@@H](O)C[C@@]2(C)[C@H]1CC[C@]2(O)C(=O)CO
455,CC(C)(C)CC(=O)OCC(=O)[C@@]1(O)CC[C@H]2[C@@H]3CCC4=CC(=O)C=C[C@]4(C)[C@H]3[C@@H](O)C[C@@]21C
456,C[C@]12C=CC(=O)C=C1CC[C@@H]1[C@@H]2C(=O)C[C@@]2(C)[C@H]1CC[C@]2(O)C(=O)CO
457,C[C@]12CC[C@@H]3c4ccc(O)cc4C[C@@H](CCCCCCCCC[S@@](=O)CCCC(F)(F)C(F)(F)F)[C@H]3[C@@H]1CC[C@@H]2O
458,C[C@]12CC[C@@H]3c4ccc(O)cc4CC[C@H]3[C@@H]1CC[C@@H]2O
459,C[C@]12CC[C@@H]3c4ccc(OC(=O)N(CCCl)CCCl)cc4CC[C@H]3[C@@H]1CC[C@@H]2OP(=O)([O-])[O-]
460,C#C[C@]1(O)CC[C@H]2[C@@H]3CCc4cc(O)ccc4[C@H]3CC[C@@]21C
461,C#C[C@]1(O)CC[C@H]2[C@@H]3CCc4cc(OC)ccc4[C@H]3CC[C@@]21C
462,C#C[C@]1(O)CC[C@H]2[C@@H]3CCc4cc(OC5CCCC5)ccc4[C@H]3CC[C@@]21C
463,C[C@]12CC[C@@H]3c4ccc(O)cc4CC[C@H]3[C@@H]1CCC2=O
464,C[C@]12CC[C@@H]3c4ccc(OS(=O)(=O)[O-])cc4CC[C@H]3[C@@H]1CCC2=O
465,CC(C)(C)NC(=O)[C@H]1CC[C@H]2[C@@H]3CC[C@H]4NC(=O)C=C[C@]4(C)[C@H]3CC[C@]12C
466,C[C@]12C=CC(=O)N[C@@H]1CC[C@@H]1[C@@H]2CC[C@]2(C)[C@@H](C(=O)Nc3cc(C(F)(F)F)ccc3C(F)(F)F)CC[C@@H]12
467,C[C@]12C=CC(=O)N[C@@H]1CC[C@@H]1[C@@H]2CC[C@]2(C)[C@@H](C(=O)Nc3cc(C(F)(F)F)ccc3C(F)(F)F)CC[C@@H]12
468,C[C@]12CC[C@H]3[C@@H](CC[C@@]45O[C@@H]4C(O)=C(C#N)C[C@]35C)[C@@H]1CC[C@@H]2O
469,C[C@]12CC[C@H]3[C@@H](CCC4=CC(=O)CC[C@@]43C)[C@@H]1CC[C@@H]2O
470,C[C@]12CC[C@H]3[C@@H](CCC4=CC(=O)CC[C@@H]43)[C@@H]1CC[C@@H]2OC(=O)CCc1ccccc1
471,C#C[C@]1(O)CC[C@H]2[C@@H]3CCC4=C(CCC(=O)C4)[C@H]3CC[C@@]21C
472,C#C[C@]1(O)CC[C@H]2[C@@H]3CCC4=CC(=O)CC[C@@H]4[C@H]3CC[C@@]21C
473,C#C[C@]1(O)CC[C@H]2[C@@H]3CCC4=Cc5oncc5C[C@]4(C)[C@H]3CC[C@@]21C
474,C[C@]12C/C(=C/[O-])C(=O)C[C@@H]1CC[C@@H]1[C@@H]2CC[C@@]2(C)[C@H]1CC[C@]2(C)O
475,C[C@]12Cc3cn[nH]c3C[C@@H]1CC[C@@H]1[C@@H]2CC[C@@]2(C)[C@H]1CC[C@]2(C)O
476,C[C@]12COC(=O)C[C@@H]1CC[C@@H]1[C@@H]2CC[C@@]2(C)[C@H]1CC[C@]2(C)O
477,C[C@]12C=CC(=O)C=C1CC[C@@H]1[C@@H]2CC[C@]2(C)OC(=O)CC[C@@H]12
478,C=C1C[C@@H]2[C@H](CC[C@]3(C)C(=O)CC[C@@H]23)[C@@]2(C)C=CC(=O)C=C12
479,C[C@]12CCC(=O)C=C1[C@@H]1C[C@@H]1[C@H]1[C@@H]3[C@@H]4C[C@@H]4[C@@]4(CCC(=O)O4)[C@@]3(C)CC[C@@H]12
480,CC1(C)O[C@@H]2C[C@H]3[C@@H]4C[C@H](F)C5=CC(=O)CC[C@]5(C)[C@H]4[C@@H](O)C[C@]3(C)[C@]2(C(=O)CO)O1
481,COC(=O)[C@@H]1CC2=CC(=O)CC[C@]2(C)[C@@]23O[C@@H]2C[C@@]2(C)[C@@H](CC[C@@]24CCC(=O)O4)[C@H]13
482,CC1(C)O[C@@H]2C[C@H]3[C@@H]4CCC5=CC(=O)CC[C@]5(C)[C@@]4(F)[C@@H](O)C[C@]3(C)[C@]2(C(=O)CCl)O1
483,C[C@]1(O)CC[C@H]2[C@@H]3CCC4=CC(=O)CC[C@]4(C)[C@@]3(F)[C@@H](O)C[C@@]21C
484,C[C@]12CCC(=O)C=C1CC[C@@H]1[C@@H]2[C@@H](O)C[C@@]2(C)[C@H]1CC[C@]2(O)C(=O)CO
485,C[C@]12CCC(=O)C=C1CC[C@@H]1[C@@H]2[C@@H](O)C[C@@]2(C)[C@H]1CC[C@]2(O)C(=O)COC(=O)CCC(=O)[O-]
486,C[C@]12CCC(=O)C=C1CC[C@@H]1[C@@H]2[C@@H](O)C[C@@]2(C)[C@H]1CC[C@]2(O)C(=O)COC(=O)CCC1CCCC1
487,C[C@]12CCC(=O)C=C1CC[C@@H]1[C@@H]2[C@@H](O)C[C@@]2(C)[C@H]1CC[C@]2(O)C(=O)COP(=O)([O-])[O-]
488,C[C@]12CCC(=O)C=C1CC[C@@H]1[C@@H]2CC[C@@]2(C)[C@H]1CC[C@]2(C)O
489,C[C@]12CCC3=C4CCC(=O)C=C4CC[C@H]3[C@@H]1CC[C@@]2(O)CC#N
490,C[C@@]12CCCCC[C@@H](Cc3ccc(O)cc31)[C@@H]2[NH3+]
491,C[C@H](/C=C/[C@H](C)C(C)(C)O)[C@H]1CC[C@H]2/C(=C/C=C3C[C@@H](O)C[C@H](O)C3)CCC[C@]12C
492,C=C1/C(=C\C=C2/CCC[C@]3(C)[C@@H]([C@H](C)/C=C/[C@H](C)C(C)C)CC[C@@H]23)C[C@@H](O)C[C@@H]1O
493,C=C1CC[C@H](O)C/C1=C/C=C1\CCC[C@]2(C)[C@@H]([C@H](C)/C=C/[C@H](C)C(C)C)CC[C@@H]12
494,C=C1/C(=C\C=C2/CCC[C@]3(C)[C@@H]([C@H](C)/C=C/[C@@H](O)C4CC4)CC[C@@H]23)C[C@@H](O)C[C@@H]1O
495,CC(C)[C@@H]1NC(=O)[C@H](CCCC[NH3+])NC(=O)[C@@H](Cc2c[nH]c3ccccc23)NC(=O)[C@H](Cc2ccc(O)cc2)NC(=O)[C@@H](NC(=O)[C@H]([NH3+])Cc2ccc3ccccc3c2)CSSC[C@@H](C(=O)N[C@H](C(N)=O)[C@@H](C)O)NC1=O
496,CSCC[C@H](NC(=O)[C@H](Cc1c[nH]c2ccccc12)NC(=O)CNC(=O)[C@@H](NC(=O)[C@H](Cc1ccc(OS(=O)(=O)[O-])cc1)NC(=O)[C@H](CC(=O)[O-])NC(=O)[C@H](CCC(N)=O)NC(=O)[C@@H]1CCC(=O)N1)[C@@H](C)O)C(=O)N[C@@H](CC(=O)[O-])C(=O)N[C@@H](Cc1ccccc1)C(N)=O
497,C[C@@H](O)[C@H]1C(=O)N2C(C(=O)[O-])=C(SCC/[NH+]=C/N)C[C@H]12
498,C[C@@H]([NH3+])[C@@H](O)c1ccccc1
499,C/C(=C\C(=O)OCCCCCCCCC(=O)[O-])C[C@@H]1OC[C@H](C[C@@H]2O[C@H]2[C@@H](C)[C@H](C)O)[C@@H](O)[C@H]1O
500,CC(=O)N[C@H](Cc1ccc2ccccc2c1)C(=O)N[C@H](Cc1ccc(Cl)cc1)C(=O)N[C@H](Cc1cccnc1)C(=O)N[C@@H](CO)C(=O)N(C)[C@@H](Cc1ccc(O)cc1)C(=O)N[C@H](CC(N)=O)C(=O)N[C@@H](CC(C)C)C(=O)N[C@@H](CCCC[NH2+]C(C)C)C(=O)N1CCC[C@H]1C(=O)N[C@H](C)C(N)=O
501,CC(=O)N[C@H](Cc1ccc2ccccc2c1)C(=O)N[C@H](Cc1ccc(Cl)cc1)C(=O)N[C@H](Cc1cccnc1)C(=O)N[C@@H](CO)C(=O)N[C@@H](Cc1ccc(NC(=O)[C@@H]2CC(=O)NC(=O)N2)cc1)C(=O)N[C@H](Cc1ccc(NC(N)=O)cc1)C(=O)N[C@@H](CC(C)C)C(=O)N[C@@H](CCCC[NH2+]C(C)C)C(=O)N1CCC[C@H]1C(=O)N[C@H](C)C(N)=O
502,CC(=O)N[C@H](Cc1ccc2ccccc2c1)C(=O)N[C@H](Cc1ccc(Cl)cc1)C(=O)N[C@H](Cc1cccnc1)C(=O)N[C@@H](CO)C(=O)N[C@@H](Cc1ccc(O)cc1)C(=O)N[C@H](CCCNC(N)=O)C(=O)N[C@@H](CC(C)C)C(=O)N[C@@H](CCCNC(N)=[NH2+])C(=O)N1CCC[C@H]1C(=O)N[C@H](C)C(N)=O
503,C[C@@H](Oc1cc(-c2cnn(C3CC[NH2+]CC3)c2)cnc1N)c1c(Cl)ccc(F)c1Cl
504,C[C@@H](O[C@H]1OCC[N@H+](Cc2n[nH]c(=O)[nH]2)[C@H]1c1ccc(F)cc1)c1cc(C(F)(F)F)cc(C(F)(F)F)c1
505,C[C@@H]([NH2+]CCCc1cccc(C(F)(F)F)c1)c1cccc2ccccc12
506,C[C@H](Cc1cc2c(c(C(N)=O)c1)N(CCCO)CC2)[NH2+]CCOc1ccccc1OCC(F)(F)F
507,C[C@H](Cc1ccc(O)c(O)c1)[C@@H](C)Cc1ccc(O)c(O)c1
508,COc1ccc(C[C@@H](C)[NH2+]C[C@H](O)c2ccc(O)c(NC=O)c2)cc1
509,C#CC[N@H+](C)[C@H](C)Cc1ccccc1
510,C[C@H](CCC(=O)[O-])[C@H]1CC[C@H]2[C@@H]3[C@H](O)C[C@@H]4C[C@H](O)CC[C@]4(C)[C@H]3CC[C@]12C
511,C[C@H](CCC(=O)[O-])[C@H]1CC[C@H]2[C@@H]3[C@@H](O)C[C@@H]4C[C@H](O)CC[C@]4(C)[C@H]3CC[C@]12C
512,C=C1/C(=C\C=C2/CCC[C@]3(C)[C@@H]([C@H](C)CCCC(C)(C)O)CC[C@@H]23)C[C@@H](O)C[C@@H]1O
513,C=C1CC[C@H](O)C/C1=C/C=C1\CCC[C@]2(C)[C@@H]([C@H](C)CCCC(C)(C)O)CC[C@@H]12
514,C=C1CC[C@H](O)C/C1=C/C=C1\CCC[C@]2(C)[C@@H]([C@H](C)CCCC(C)C)CC[C@@H]12
515,C[C@H](Cn1cnc2c(N)ncnc21)OCP(=O)([O-])[O-]
516,CC(C)OC(=O)OCOP(=O)(CO[C@H](C)Cn1cnc2c(N)ncnc21)OCOC(=O)OC(C)C
517,C[C@@H]1[C@H](O)[C@@H](C)/C=C/C=C/C=C/C=C/C=C/C=C/C=C/[C@H](O[C@@H]2O[C@H](C)[C@@H](O)[C@H]([NH3+])[C@@H]2O)C[C@@H]2O[C@](O)(C[C@@H](O)C[C@@H](O)[C@H](O)CC[C@@H](O)C[C@@H](O)CC(=O)O[C@H]1C)C[C@H](O)[C@H]2C(=O)[O-]
518,C[NH2+][C@@H]1[C@H](O[C@H]2[C@H](O[C@H]3[C@H](O)[C@@H](O)[C@H](NC(N)=[NH2+])[C@@H](O)[C@@H]3NC(N)=[NH2+])O[C@@H](C)[C@]2(O)C=O)O[C@@H](CO)[C@H](O)[C@H]1O
519,COc1cccc2c1C(=O)c1c([O-])c3c(c([O-])c1C2=O)C[C@@](O)(C(=O)CO)C[C@@H]3O[C@H]1C[C@H]([NH3+])[C@@H](O)[C@H](C)O1
520,C[C@H]1[C@H](NC(=O)/C(=N\OC(C)(C)C(=O)[O-])c2csc(N)n2)C(=O)N1S(=O)(=O)[O-]
521,C[NH2+][C@H](CC(C)C)C(=O)N[C@H]1C(=O)N[C@@H](CC(N)=O)C(=O)N[C@H]2C(=O)N[C@H]3C(=O)N[C@H](C(=O)N[C@H](C(=O)[O-])c4cc(O)cc(O)c4-c4cc3ccc4O)[C@H](O)c3ccc(c(Cl)c3)Oc3cc2cc(c3O[C@@H]2O[C@H](CO)[C@@H](O)[C@H](O)[C@H]2O[C@H]2C[C@](C)([NH3+])[C@H](O)[C@H](C)O2)Oc2ccc(cc2Cl)[C@H]1O
522,COc1cccc2c1C(=O)c1c(O)c3c(c(O)c1C2=O)C[C@@](O)(C(C)=O)C[C@@H]3O[C@H]1C[C@H](N)[C@H](O)[C@H](C)O1
523,COc1cccc2c1C(=O)c1c(O)c3c(c(O)c1C2=O)C[C@@](O)(C(=O)CO)C[C@@H]3O[C@H]1C[C@H](N)[C@H](O)[C@H](C)O1
524,COc1cccc2c1C(=O)c1c([O-])c3c(c([O-])c1C2=O)C[C@@](O)(C(C)=O)C[C@@H]3O[C@H]1C[C@H]([NH3+])[C@H](O)[C@H](C)O1
525,COc1cccc2c1C(=O)c1c([O-])c3c(c([O-])c1C2=O)C[C@@](O)(C(=O)CO)C[C@@H]3O[C@H]1C[C@H]([NH3+])[C@H](O)[C@H](C)O1
526,CC(=O)[C@]1(O)Cc2c([O-])c3c(c([O-])c2[C@@H](O[C@H]2C[C@H]([NH3+])[C@H](O)[C@H](C)O2)C1)C(=O)c1ccccc1C3=O
527,C[C@@H]1O[C@@H]1P(=O)([O-])[O-]
528,CC(C)=CC[N@@H+]1CC[C@@]2(C)c3cc(O)ccc3C[C@@H]1[C@@H]2C
529,C[C@H]1c2cccc([O-])c2C(=O)C2=C([O-])[C@]3(O)C(=O)C(C(N)=O)=C([O-])[C@@H]([NH+](C)C)[C@@H]3[C@@H](O)[C@@H]21
530,CC(=O)O[C@]1(C(C)=O)CC[C@H]2[C@@H]3C[C@H](C)C4=CC(=O)CC[C@]4(C)[C@H]3CC[C@@]21C
531,CC(=O)OCC(=O)[C@@]1(OC(C)=O)[C@@H](C)C[C@H]2[C@@H]3C[C@H](F)C4=CC(=O)C=C[C@]4(C)[C@@]3(F)[C@@H](O)C[C@@]21C
532,CC(=O)[C@@]1(O)CC[C@H]2[C@@H]3C[C@H](C)C4=CC(=O)C=C[C@]4(C)[C@@]3(F)[C@@H](O)C[C@@]21C
533,CC(=O)O[C@]1(C(C)=O)CC[C@H]2[C@@H]3C[C@H](C)C4=CC(=O)C=C[C@]4(C)[C@@]3(F)[C@@H](O)C[C@@]21C
534,C[C@H]1C[C@@H]2[C@H]([C@@H](O)C[C@@]3(C)[C@H]2CC[C@]3(O)C(=O)CO)[C@@]2(C)C=CC(=O)C=C12
535,C[C@H]1C[C@@H]2[C@H]([C@@H](O)C[C@@]3(C)[C@H]2CC[C@]3(O)C(=O)COC(=O)CCC(=O)[O-])[C@@]2(C)C=CC(=O)C=C12
536,CC(=O)[C@H]1CC[C@H]2[C@@H]3C[C@H](C)C4=CC(=O)CC[C@]4(C)[C@H]3[C@@H](O)C[C@]12C
537,C[C@H]1C[C@H]2[C@@H]3CCC4=CC(=O)C=C[C@]4(C)[C@@]3(F)[C@@H](O)C[C@]2(C)[C@@]1(O)C(=O)CO
538,C[C@H]1C[C@H]2[C@@H]3CCC4=CC(=O)C=C[C@]4(C)[C@@]3(F)[C@@H](O)C[C@]2(C)[C@@]1(OC(=O)c1ccccc1)C(=O)CO
539,CC(=O)OCC(=O)[C@@]1(O)[C@@H](C)C[C@H]2[C@@H]3CCC4=CC(=O)C=C[C@]4(C)[C@@]3(F)[C@@H](O)C[C@@]21C
540,C[C@H]1C[C@H]2[C@@H]3CCC4=CC(=O)C=C[C@]4(C)[C@H]3C(=O)C[C@]2(C)[C@@]1(O)C(=O)CO
541,C[C@H]1C[N@@H+](C[C@H](Cc2ccccc2)C(=O)NCC(=O)[O-])CC[C@@]1(C)c1cccc(O)c1
542,C=C(C)[C@@H]1CC[C@@]2(C1)C(C)=CCC[C@@H]2C
543,CC(C)[C@@H](CN1CC[C@@](C)(c2cccc(O)c2)[C@@H](C)C1)NC(=O)[C@H]1Cc2ccc(O)cc2CN1
544,C[C@H]1COc2c(N3CC[NH+](C)CC3)c(F)cc3c(=O)c(C(=O)[O-])cn1c23
545,C[N+](C)(C)C[C@H](O)CC(=O)[O-]
546,C[N+](C)(C)CC(=O)[O-]
547,C=CC[NH2+]CCCCCC[N+](C)(C)C
548,C[N+](C)(C)CCCCCCCCCC[N+](C)(C)C
549,C[N+](C)(C)CCOC(=O)CCC(=O)OCC[N+](C)(C)C
550,C[N+](C)(C)CCOC(N)=O
551,C[N+](C)(CCCCCC[N+](C)(C)C1c2ccccc2-c2ccccc21)C1c2ccccc2-c2ccccc21
552,C[N+]1(C)[C@@H]2C[C@H](OC(=O)C(O)(c3cccs3)c3cccs3)C[C@H]1[C@@H]1O[C@@H]12
553,C[N+]1(C)[C@@H]2CC[C@H]1C[C@@H](OC(=O)[C@H](O)c1ccccc1)C2
554,C[N@+]1(CC2CC2)CC[C@]23c4c5ccc(O)c4O[C@H]2C(=O)CC[C@@]3(O)[C@H]1C5
555,C[N+]1(C)CCC(=C(c2ccccc2)c2ccccc2)CC1
556,C[N+]1(C)CC[C@@H](OC(=O)[C@](O)(c2ccccc2)C2CCCC2)C1
557,COc1cc(C[C@@H]2c3c(cc(OC)c(OC)c3OC)CC[N@@+]2(C)CCCOC(=O)CCC(=O)OCCC[N@+]2(C)CCc3cc(OC)c(OC)c(OC)c3[C@@H]2Cc2cc(OC)c(OC)c(OC)c2)cc(OC)c1OC
558,COc1cc2c(cc1OC)[C@@H](Cc1cc(OC)c(OC)c(OC)c1)[N@@+](C)(CCCOC(=O)CC/C=C/CCC(=O)OCCC[N@+]1(C)CCc3cc(OC)c(OC)cc3[C@H]1Cc1cc(OC)c(OC)c(OC)c1)CC2
559,COc1ccc(C[C@@H]2c3cc(OC)c(OC)cc3CC[N@@+]2(C)CCC(=O)OCCCCCOC(=O)CC[N@@+]2(C)CCc3cc(OC)c(OC)cc3[C@@H]2Cc2ccc(OC)c(OC)c2)cc1OC
560,COc1ccc2cc1Oc1cc3c(cc1OC)CC[N+](C)(C)[C@H]3Cc1ccc(cc1)Oc1c(OC)c(OC)cc3c1[C@@H](C2)[N+](C)(C)CC3
561,C[N+]1(C)CCC[C@H](OC(=O)C(O)(c2ccccc2)c2ccccc2)C1
562,CO/N=C(\C(=O)N[C@@H]1C(=O)N2C(C(=O)[O-])=C(C[N+]3(C)CCCC3)CS[C@H]12)c1csc(N)n1
563,C[N+]1(CCCCC[N+]2(C)CCCC2)CCCC1
564,C[N+]1(C)CCN(C[C@@](O)(c2ccccc2)C2CCCCC2)CC1
565,C[N@+]12CC[C@H](CC1)[C@H](OC(=O)C(O)(c1ccccc1)c1ccccc1)C2
566,CN(C)C(=O)Oc1ccc[n+](C)c1
567,C[n+]1ccccc1/C=N/O
568,COc1ccc(C[C@@H]2c3cc(OC)c(OC)cc3CC[N@+]2(C)CCC(=O)OCCCCCOC(=O)CC[N@@+]2(C)CCc3cc(OC)c(OC)cc3[C@H]2Cc2ccc(OC)c(OC)c2)cc1OC
569,C=C1c2cccc([O-])c2C(=O)C2=C([O-])[C@]3(O)C(=O)C(C(N)=O)=C([O-])[C@@H]([NH+](C)C)[C@@H]3[C@@H](O)[C@H]12
570,C[NH+](C)[C@@H]1C([O-])=C(C(N)=O)C(=O)[C@@]2(O)C([O-])=C3C(=O)c4c([O-])ccc(Cl)c4[C@@H](O)[C@H]3C[C@@H]12
571,COc1cccc([C@@]2(O)CCCC[C@@H]2C[NH+](C)C)c1
572,C[NH+](C)C[C@H](c1ccc(O)cc1)C1(O)CCCCC1
573,COc1ccc([C@@H](C[NH+](C)C)C2(O)CCCCC2)cc1
574,C[NH+](C)CC/C=C1/c2ccccc2COc2ccc(CC(=O)[O-])cc21
575,C[NH+](C)CC/C=C1/c2ccccc2Sc2ccc(Cl)cc21
576,C[NH+](C)CC[C@@H](c1ccc(Br)cc1)c1ccccn1
577,C[NH+](C)CC[C@@H](c1ccc(Br)cc1)c1ccccn1
578,C[NH+](C)CC[C@H](c1ccc(Cl)cc1)c1ccccn1
579,C[NH+](C)CC[C@](O)(c1ccccc1)c1ccccc1Cl
580,C[NH+](C)CC[C@H](c1ccccc1)c1ccccn1
581,C[NH+](C)CCc1c[nH]c2ccc(C[C@H]3COC(=O)N3)cc12
582,C[NH+](C)CCc1c[nH]c2ccc(Cn3cncn3)cc12
583,C[NH+](C)CCc1c[nH]c2ccc(CS(=O)(=O)N3CCCC3)cc12
584,C[NH+](C)CCC[C@@]1(c2ccc(F)cc2)OCc2cc(C#N)ccc21
585,C[NH+](C)CCC[C@]1(c2ccc(F)cc2)OCc2cc(C#N)ccc21
586,C[NH+](C)CCC=C1c2ccccc2CCc2ccccc21
587,C[NH+](C)CCCN1c2ccccc2CCc2ccc(Cl)cc21
588,C[NH+](C)CCCN1c2ccccc2CCc2ccccc21
589,C[NH+](C)CCCN1c2ccccc2Sc2ccc(C(F)(F)F)cc21
590,C[NH+](C)CCCN1c2ccccc2Sc2ccc(Cl)cc21
591,C[NH+](C)CCCN1c2ccccc2Sc2ccccc21
592,COc1ccc(CN(CC[NH+](C)C)c2ccccn2)cc1
593,C[NH+](C)CCN(Cc1ccccc1)c1ccccn1
594,C[NH+](C)CCn1nnnc1SCC1=C(C(=O)[O-])N2C(=O)[C@@H](NC(=O)Cc3csc(N)n3)[C@H]2SC1
595,C[NH+](C)CCO[C@H](c1ccc(Cl)cc1)c1ccccn1
596,C[NH+](C)CCOC(c1ccccc1)c1ccccc1
597,C[NH+](C)CCOC(=O)[C@H](c1ccccc1)C1(O)CCCC1
598,C[NH+](C)CCOc1ccc(/C(=C(/CCCl)c2ccccc2)c2ccccc2)cc1
599,COc1cc(C(=O)NCc2ccc(OCC[NH+](C)C)cc2)cc(OC)c1OC
600,C[N@@H+](C/C=C/c1ccccc1)Cc1cccc2ccccc12
601,C#CC[N@H+](C)Cc1ccccc1
602,C[N@@H+](CCOc1ccc(NS(C)(=O)=O)cc1)CCc1ccc(NS(C)(=O)=O)cc1
603,C[NH+](CCCl)CCCl
604,C[N@@H+]1[C@@H]2C[C@@H](OC(=O)[C@H](CO)c3ccccc3)C[C@H]1[C@@H]1O[C@@H]12
605,C[N@H+]1[C@@H]2CC[C@@H]1C[C@@H](OC(c1ccccc1)c1ccccc1)C2
606,C[N@@H+]1[C@@H]2CC[C@H]1C[C@@H](OC(=O)[C@@H](CO)c1ccccc1)C2
607,C[N@H+]1[C@@H]2C[C@@H](OC(=O)[C@H](CO)c3ccccc3)C[C@H]1[C@H]1O[C@H]12
608,C[N@@H+]1C[C@@H]2c3ccccc3Oc3ccc(Cl)cc3[C@H]2C1
609,COc1ccc2c3c1O[C@H]1C[C@@H](O)C=C[C@@]31CC[N@H+](C)C2
610,COc1ccc2c(c1)[C@]13CCCC[C@@H]1[C@H](C2)[N@H+](C)CC3
611,C[N@@H+]1CC[C@]23c4c5ccc(O)c4O[C@H]2[C@@H](O)C=C[C@H]3[C@H]1C5
612,COc1ccc2c3c1O[C@H]1[C@@H](O)CC[C@H]4[C@@H](C2)[N@H+](C)CC[C@@]341
613,C[N@@H+]1CC[C@]23c4c5ccc(O)c4O[C@H]2C(=O)CC[C@@]3(O)[C@H]1C5
614,COc1ccc2c3c1O[C@H]1C(=O)CC[C@@]4(O)[C@@H](C2)[N@H+](C)CC[C@]314
615,C[N@@H+]1CC[C@]23c4c5ccc(O)c4O[C@H]2C(=O)CC[C@H]3[C@H]1C5
616,COc1ccc2c3c1O[C@H]1C(=O)CC[C@H]4[C@@H](C2)[N@@H+](C)CC[C@]314
617,C[N@@H+]1CC[C@]23CCCC[C@H]2[C@H]1Cc1ccc(O)cc13
618,C[N@H+]1CC[C@H](CN2c3ccccc3Sc3ccccc32)C1
619,C[NH+]1CCC(=C2c3ccccc3CC(=O)c3sccc32)CC1
620,C[NH+]1CCC(=C2c3ccccc3C=Cc3ccccc32)CC1
621,C[NH+]1CCC(=C2c3ccccc3CCc3cccnc32)CC1
622,C[NH+]1CCC(=C2c3ccccc3CCn3c(C=O)c[nH+]c32)CC1
623,COc1cc2c(Nc3ccc(Br)cc3F)ncnc2cc1OC[C@H]1CC[N@H+](C)CC1
624,C[N@H+]1CC[C@H](OC(c2ccccc2)c2ccccc2)CC1
625,COc1cc2c3cc1Oc1cc(ccc1O)C[C@@H]1c4c(cc(OC)c(O)c4Oc4ccc(cc4)C[C@@H]3[N@@H+](C)CC2)CC[N+]1(C)C
626,C[N@H+]1CCc2cccc3c2[C@H]1Cc1ccc(O)c(O)c1-3
627,C[N@@H+]1CCC[C@@H]1Cc1c[nH]c2ccc(CCS(=O)(=O)c3ccccc3)cc12
628,C[N@H+]1CCC[C@H]1c1cccnc1
629,C[N@H+]1CCC[C@@H](CC2c3ccccc3Sc3ccccc32)C1
630,C[N@H+]1CCC[C@H](n2nc(Cc3ccc(Cl)cc3)c3ccccc3c2=O)CC1
631,C[N@@H+]1CCCC[C@@H]1CCN1c2ccccc2Sc2ccc([S@](C)=O)cc21
632,CSc1ccc2c(c1)N(CC[C@H]1CCCC[N@@H+]1C)c1ccccc1S2
633,C[NH+]1CCN(C(c2ccccc2)c2ccccc2)CC1
634,C[NH+]1CCN(C(=O)O[C@H]2c3nccnc3C(=O)N2c2ccc(Cl)cn2)CC1
635,C[NH+]1CCN(C2=[NH+]c3cc(Cl)ccc3Nc3ccccc32)CC1
636,C[NH+]1CCN(C2=[NH+]c3ccccc3Oc3ccc(Cl)cc32)CC1
637,CN(C)S(=O)(=O)c1ccc2c(c1)/C(=C\CCN1CC[NH+](C)CC1)c1ccccc1S2
638,C[NH+]1CCN(CCCN2c3ccccc3Sc3ccc(C(F)(F)F)cc32)CC1
639,C[NH+]1CCN(CCCN2c3ccccc3Sc3ccc(Cl)cc32)CC1
640,C[N@H+]1CCN2c3ncccc3Cc3ccccc3[C@H]2C1
641,C[NH2+]/C(=C\[N+](=O)[O-])NCCSCc1ccc(C[NH+](C)C)o1
642,C[NH2+][C@@H]1CCc2[nH]c3ccc(C(N)=O)cc3c2C1
643,C[NH2+][C@H]1CC[C@@H](c2ccc(Cl)c(Cl)c2)c2ccccc21
644,C[NH2+][C@]1(c2ccccc2Cl)CCCCC1=O
645,C[NH2+]C[C@H](O)[C@@H](O)[C@H](O)[C@H](O)CO
646,C[NH2+]C[C@H](O)c1ccc(O)c(O)c1
647,C[NH2+]C[C@H](O)c1cccc(O)c1
648,C[NH2+]CC[C@H](Oc1cccc2ccccc12)c1cccs1
649,C[NH2+]CC[C@H](Oc1ccc(C(F)(F)F)cc1)c1ccccc1
650,C[NH2+]CCC[C@]12CC[C@H](c3ccccc31)c1ccccc12
651,C[NH2+]CCCC1c2ccccc2C=Cc2ccccc21
652,C[NH2+]CCCN1c2ccccc2CCc2ccccc21
653,CC#C[C@]1(O)CC[C@H]2[C@@H]3CCC4=CC(=O)CCC4=C3[C@@H](c3ccc(N(C)C)cc3)C[C@@]21C
654,CC#CC[C@H](C)[C@H](O)/C=C/[C@@H]1[C@H]2C/C(=C/CCCC(=O)[O-])C[C@H]2C[C@H]1O
655,CC#CCn1c(N2CCC[C@@H]([NH3+])C2)nc2c1c(=O)n(Cc1nc(C)c3ccccc3n1)c(=O)n2C
656,CC(C)[C@H]1CC[C@H](C(=O)N[C@H](Cc2ccccc2)C(=O)[O-])CC1
657,C[C@H](/N=C(\NC#N)Nc1cc[nH+]cc1)C(C)(C)C
658,COc1ccc(OC)c([C@@H](O)[C@@H](C)[NH3+])c1
659,C[C@H](O)C(=O)[O-]
660,C[C@@H]([NH2+]C(C)(C)C)C(=O)c1cccc(Cl)c1
661,C[C@@H](S)C(=O)NCC(=O)[O-]
662,CN1CCN(c2ccc3c(c2)N/C(=C2/C(=O)N=c4cccc(F)c4=C2N)N3)CC1
663,CC(C)(S)[C@@H]([NH3+])C(=O)[O-]
664,CC(C)(C#N)c1cc(Cn2cncn2)cc(C(C)(C)C#N)c1
665,CC(C)(C#N)c1cc(Cn2cncn2)cc(C(C)(C)C#N)c1
666,Cn1c(=O)n(-c2ccc(C(C)(C)C#N)cc2)c2c3cc(-c4cnc5ccccc5c4)ccc3ncc21
667,CC(C)(O/N=C(\C(=O)N[C@@H]1C(=O)N2C(C(=O)[O-])=C(C[n+]3ccccc3)CS[C@H]12)c1csc(N)n1)C(=O)[O-]
668,CC(C)(Oc1ccc(C(=O)c2ccc(Cl)cc2)cc1)C(=O)[O-]
669,CC(C)(Oc1ccc(C(=O)c2ccc(Cl)cc2)cc1)C(=O)NCCS(=O)(=O)[O-]
670,COC(=O)N[C@H](C(=O)N[C@@H](Cc1ccccc1)[C@@H](O)CN(Cc1ccc(-c2ccccn2)cc1)NC(=O)[C@@H](NC(=O)OC)C(C)(C)C)C(C)(C)C
671,CC(C)(C)[NH2+]C[C@H](O)c1ccc(O)c(CO)c1
672,CC(C)(C)[NH2+]C[C@H](O)COc1nsnc1N1CCOCC1
673,CC(C)(C)[NH2+]C[C@H](O)COc1cccc2c1CCCC2=O
674,CC(C)(C)[NH2+]C[C@H](O)COc1ccccc1C1CCCC1
675,CC(C)(C)[NH2+]C[C@@H](O)c1cc(O)cc(O)c1
676,CC(C)(C)[NH2+]C[C@H](O)c1ccc(O)c(CO)c1
677,CC(C)(C)[NH2+]C[C@@H](O)c1ccc(O)c(CO)n1
678,CC(C)(C)[NH2+]C[C@@H](O)COc1cccc2c1C[C@H](O)[C@H](O)C2
679,CC(C)(C)[NH2+]C[C@@H](O)COc1cccc2c1CCC(=O)N2
680,CN(C)c1cc(NC(=O)C[NH2+]C(C)(C)C)c([O-])c2c1C[C@H]1C[C@H]3[C@H]([NH+](C)C)C([O-])=C(C(N)=O)C(=O)[C@@]3(O)C([O-])=C1C2=O
681,C[N@@H+](C/C=C/C#CC(C)(C)C)Cc1cccc2ccccc12
682,C[NH2+]C[C@@H](O)c1ccc(OC(=O)C(C)(C)C)c(OC(=O)C(C)(C)C)c1
683,CC(C)(C)C(=O)OCOP(=O)(COCCn1cnc2c(N)ncnc21)OCOC(=O)C(C)(C)C
684,CC(C)(Sc1cc(C(C)(C)C)c(O)c(C(C)(C)C)c1)Sc1cc(C(C)(C)C)c(O)c(C(C)(C)C)c1
685,COc1ccc(C(=O)CC(=O)c2ccc(C(C)(C)C)cc2)cc1
686,CC(C)(C)c1ccc(C[NH+]2CCN([C@@H](c3ccccc3)c3ccc(Cl)cc3)CC2)cc1
687,COc1ccccc1Oc1c([N-]S(=O)(=O)c2ccc(C(C)(C)C)cc2)nc(-c2ncccn2)nc1OCCO
688,CC(C)(C)CC(C)(C)c1ccc(O)cc1
689,CC(C)(C)NC(=O)[C@@H]1C[C@@H]2CCCC[C@@H]2C[N@H+]1C[C@@H](O)[C@H](Cc1ccccc1)NC(=O)[C@H](CC(N)=O)NC(=O)c1ccc2ccccc2n1
690,CC(C)(C)NC(=O)[C@@H]1CN(Cc2cccnc2)CC[N@H+]1C[C@@H](O)C[C@@H](Cc1ccccc1)C(=O)N[C@H]1c2ccccc2C[C@H]1O
691,CC(C)(C(=O)[O-])c1ccc([C@H](O)CCC[N@H+]2CC[C@H](C(O)(c3ccccc3)c3ccccc3)CC2)cc1
692,CC(C)(O)c1ccccc1CC[C@@H](SCC1(CC(=O)[O-])CC1)c1cccc(/C=C/c2ccc3ccc(Cl)cc3n2)c1
693,CC(C)(C(=O)c1cccnc1)c1cccnc1
694,CC(C)([NH3+])Cc1ccc(Cl)cc1
695,C[NH2+]C(C)(C)Cc1ccccc1
696,CC(C)([NH3+])Cc1ccccc1
697,CC(C)(CO)[C@@H](O)C(=O)NCCC(=O)[O-]
698,CC(C)(CO)[C@@H](O)C(=O)NCCCO
699,CC(C)/[NH+]=C(N)/[NH+]=C(\N)Nc1ccc(Cl)cc1
700,CC(C)/N=c1\cc2n(-c3ccc(Cl)cc3)c3ccccc3nc-2cc1Nc1ccc(Cl)cc1
701,CC(C)[C@H]([NH3+])C(=O)OC[C@@H](CO)OCn1cnc2c(=O)nc(N)[nH]c21
702,CC(C)[C@H]([NH3+])C(=O)OCCOCn1cnc2c(=O)[nH]c(N)nc21
703,CC(C)[C@H](N)C(=O)OCCOCn1cnc2c(=O)nc(N)[nH]c21
704,COCCCOc1cc(C[C@@H](C[C@H]([NH3+])[C@@H](O)C[C@H](C(=O)NCC(C)(C)C(N)=O)C(C)C)C(C)C)ccc1OC
705,CC(C)[C@@]1(C(=O)N[C@H]2CC(=O)O[C@]2(O)CF)CC(c2nccc3ccccc23)=NO1
706,CC(C)[N+](C)(CCC(C(N)=O)(c1ccccc1)c1ccccc1)C(C)C
707,CC(C)[N+](C)(CCOC(=O)C1c2ccccc2Oc2ccccc21)C(C)C
708,CC(C)[N@+]1(C)[C@@H]2CC[C@@H]1C[C@@H](OC(=O)[C@H](CO)c1ccccc1)C2
709,CC(C)[NH+](CC[C@@](C(N)=O)(c1ccccc1)c1ccccn1)C(C)C
710,CC(C)[NH+]1CCN(c2ccc(OC[C@H]3CO[C@](Cn4cncn4)(c4ccc(Cl)cc4Cl)O3)cc2)CC1
711,CC(C)[NH2+][C@H](C)Cc1ccc([123I])cc1
712,CC(C)[NH2+]C[C@H](O)COc1ccc(CCOCC2CC2)cc1
713,CC(C)[NH2+]C[C@H](O)c1cc(O)cc(O)c1
714,CC(C)[NH2+]C[C@@H](O)c1ccc(O)c(O)c1
715,CC(C)[NH2+]C[C@@H](O)c1ccc(NS(C)(=O)=O)cc1
716,CC(C)[NH2+]C[C@H](O)COc1ccc(CC(N)=O)cc1
717,COC(=O)CCc1ccc(OC[C@@H](O)C[NH2+]C(C)C)cc1
718,COCCc1ccc(OC[C@@H](O)C[NH2+]C(C)C)cc1
719,CC(C)[NH2+]C[C@@H](O)COc1ccc(CCOCC2CC2)cc1
720,CC(C)[NH2+]C[C@H](O)COc1ccc(COCCOC(C)C)cc1
721,CC(C)[NH2+]C[C@H](O)COc1cccc2[nH]ccc12
722,CC(C)[NH2+]C[C@H](O)COc1cccc2ccccc12
723,C=CCOc1ccccc1OC[C@@H](O)C[NH2+]C(C)C
724,CC(C)[NH2+]C[C@H]1CCc2cc(CO)c([N+](=O)[O-])cc2N1
725,CC(C)[NH2+]CCCC1(C(N)=O)c2ccccc2-c2ccccc21
726,COc1ccc(CC[N@@H+](C)CCC[C@@](C#N)(c2ccc(OC)c(OC)c2)C(C)C)cc1OC
727,CC(C)C(=O)Nc1ccc([N+](=O)[O-])c(C(F)(F)F)c1
728,CC(C)C(=O)O[C@H](C)OC(=O)NCC1(CC(=O)[O-])CCCCC1
729,CC(C)C(=O)Oc1ccc(CO)cc1[C@H](CC[NH+](C(C)C)C(C)C)c1ccccc1
730,COCc1c(C(C)C)nc(C(C)C)c(/C=C/[C@@H](O)C[C@@H](O)CC(=O)[O-])c1-c1ccc(F)cc1
731,CC(C)c1c(C(=O)Nc2ccccc2)c(-c2ccccc2)c(-c2ccc(F)cc2)n1CC[C@@H](O)C[C@@H](O)CC(=O)[O-]
732,CC(C)c1nc(N(C)S(C)(=O)=O)nc(-c2ccc(F)cc2)c1/C=C/[C@@H](O)C[C@@H](O)CC(=O)[O-]
733,CC(C)c1ccc2oc3nc(N)c(C(=O)[O-])cc3c(=O)c2c1
734,CC(C)c1cccc(C(C)C)c1NC(=O)C[NH+](CC(=O)[O-])CC(=O)[O-]
735,CC(C)c1cccc(C(C)C)c1O
736,CC(C)c1cccc(C(C)C)c1OCOP(=O)([O-])[O-]
737,CC(C)c1nc(CN(C)C(=O)N[C@H](C(=O)N[C@@H](Cc2ccccc2)C[C@H](O)[C@H](Cc2ccccc2)NC(=O)OCc2cncs2)C(C)C)cs1
738,CC(C)C[C@H](NC(=O)[C@H](CCc1ccccc1)NC(=O)CN1CCOCC1)C(=O)N[C@@H](Cc1ccccc1)C(=O)N[C@@H](CC(C)C)C(=O)[C@@]1(C)CO1
739,CC(C)C[C@H](NC(=O)[C@@H](Cc1c[nH]c2ccccc12)NC(=O)[C@H](Cc1ccc(O)cc1)NC(=O)[C@H](CO)NC(=O)[C@H](Cc1c[nH]c2ccccc12)NC(=O)[C@H](Cc1cnc[nH]1)NC(=O)[C@@H]1CCC(=O)N1)C(=O)N[C@@H](CCC[NH+]=C(N)N)C(=O)N1CCC[C@H]1C(=O)NCC(N)=O
740,CC(C)C[C@H](NC(=O)CNC(=O)[C@H](Cc1ccc(O)cc1)NC(=O)[C@H](CO)NC(=O)[C@H](Cc1c[nH]c2ccccc12)NC(=O)[C@H](Cc1c[nH]cn1)NC(=O)[C@@H]1CCC(=O)N1)C(=O)N[C@@H](CCCNC(N)=[NH2+])C(=O)N1CCC[C@H]1C(=O)NCC(N)=O
741,CC(C)C[C@H](NC(=O)[C@@H](COC(C)(C)C)NC(=O)[C@H](Cc1ccc(O)cc1)NC(=O)[C@H](CO)NC(=O)[C@H](Cc1c[nH]c2ccccc12)NC(=O)[C@H](Cc1cnc[nH]1)NC(=O)[C@@H]1CCC(=O)N1)C(=O)N[C@@H](CCCN=C(N)N)C(=O)N1CCC[C@H]1C(=O)NNC(N)=O
742,CC(C)C[C@H](C[NH3+])CC(=O)[O-]
743,CC(C)C[C@H]1C(=O)N2CCC[C@H]2[C@]2(O)O[C@](NC(=O)[C@@H]3C=C4c5cccc6[nH]c(Br)c(c56)C[C@H]4[N@@H+](C)C3)(C(C)C)C(=O)N12
744,CC(C)C[C@@H](NC(=O)[C@H](COC(C)(C)C)NC(=O)[C@@H](Cc1ccc(O)cc1)NC(=O)[C@H](CO)NC(=O)[C@H](Cc1c[nH]c2ccccc12)NC(=O)[C@H](Cc1cnc[nH]1)NC(=O)[C@H]1CCC(=O)N1)C(=O)N[C@@H](CCC[NH+]=C(N)N)C(=O)N1CCC[C@@H]1C(=O)NNC(N)=O
745,CC(C)CC(NC(=O)C(Cc1ccc2ccccc2c1)NC(=O)C(Cc1ccc(O)cc1)NC(=O)C(CO)NC(=O)C(Cc1c[nH]c2ccccc12)NC(=O)C(Cc1c[nH]cn1)NC(=O)C1CCC(=O)N1)C(=O)NC(CCCNC(N)=[NH2+])C(=O)N1CCCC1C(=O)NCC(N)=O
746,CC(C)C[C@H]([NH+](C)C)C1(c2ccc(Cl)cc2)CCC1
747,C=CCC1(CC(C)C)C(=O)NC(=O)NC1=O
748,COc1cc2c(cc1OC)[C@H]1CC(=O)[C@H](CC(C)C)C[N@H+]1CC2
749,CC(C)Cc1ccc([C@H](C)C(=O)[O-])cc1
750,CC(C)CN(C[C@@H](O)[C@H](Cc1ccccc1)NC(=O)O[C@H]1CCOC1)S(=O)(=O)c1ccc(N)cc1
751,CC(C)CN(C[C@@H](OP(=O)([O-])[O-])[C@H](Cc1ccccc1)NC(=O)O[C@H]1CCOC1)S(=O)(=O)c1ccc(N)cc1
752,CC(C)CN(C[C@@H](O)[C@H](Cc1ccccc1)NC(=O)O[C@H]1CO[C@H]2OCC[C@H]21)S(=O)(=O)c1ccc(N)cc1
753,CC(C)Cn1cnc2c(N)nc3ccccc3c21
754,CC(C)CNCc1ccc(-c2ccccc2S(=O)(=O)N2CCCC2)cc1
755,CSCC[C@H](NC(=O)[C@H](Cc1c[nH]c2ccccc12)NC(=O)CCNC(=O)OCC(C)C)C(=O)N[C@@H](CC(=O)[O-])C(=O)N[C@@H](Cc1ccccc1)C(N)=O
756,CC(C)COC[C@@H](CN(Cc1ccccc1)c1ccccc1)[NH+]1CCCC1
757,CC(C)n1c(/C=C/[C@H](O)C[C@H](O)CC(=O)[O-])c(-c2ccc(F)cc2)c2ccccc21
758,CNNCc1ccc(C(=O)NC(C)C)cc1
759,CC(C)Nc1cccnc1N1CCN(C(=O)c2cc3cc(NS(C)(=O)=O)ccc3[nH]2)CC1
760,CC(C)NC[C@H](O)COc1cccc2ccccc12
761,CC(C)O
762,CC(C)OC(=O)C(C)(C)Oc1ccc(C(=O)c2ccc(Cl)cc2)cc1
763,CC(C)OC(=O)CCC/C=C\C[C@@H]1[C@@H](/C=C/[C@@H](O)COc2cccc(C(F)(F)F)c2)[C@H](O)C[C@@H]1O
764,CC(C)OC(=O)CCC/C=C\C[C@@H]1[C@@H](CC[C@@H](O)CCc2ccccc2)[C@H](O)C[C@@H]1O
765,COCC1=C(C(=O)O[C@@H](C)OC(=O)OC(C)C)N2C(=O)[C@@H](NC(=O)/C(=N\OC)c3csc(N)n3)[C@H]2SC1
766,CC(C)OP(=O)(F)OC(C)C
767,C[C@H]([NH3+])[C@]12C[C@H]3C[C@H](C[C@H](C3)C1)C2
768,C[C@H](O)[C@H](CO)NC(=O)[C@H]1CSSC[C@H](NC(=O)[C@H]([NH3+])Cc2ccccc2)C(=O)N[C@H](Cc2ccccc2)C(=O)N[C@H](Cc2c[nH]c3ccccc23)C(=O)N[C@@H](CCCC[NH3+])C(=O)N[C@H]([C@@H](C)O)C(=O)N1
769,C[C@@H](c1cc2ccccc2s1)N(O)C(N)=O
770,C[C@@H](C(=O)[O-])c1ccc(-c2ccccc2)c(F)c1
771,C[NH2+][C@H](C)[C@@H]1CC[C@H]([NH3+])[C@@H](O[C@H]2[C@H](O)[C@H](O[C@@H]3OC[C@](C)(O)[C@@H]([NH2+]C)[C@H]3O)[C@H]([NH3+])C[C@@H]2[NH3+])O1
772,C[C@H](C(=O)[O-])c1ccc(C(=O)c2cccs2)cc1
773,C[C@@H](C(=O)[O-])c1cccc(C(=O)c2ccccc2)c1
774,C[C@H](C(=O)[O-])c1cccc(Oc2ccccc2)c1
775,C[NH+](C)CCO[C@@](C)(c1ccccc1)c1ccccn1
776,CC(=O)O[C@@H](C)C[N+](C)(C)C
777,C[C@H](C[N+](C)(C)C)OC(N)=O
778,C[C@@H](C[NH2+]C1CCCCC1)OC(=O)c1ccccc1
779,C[C@@H]([NH3+])Cc1ccc(O)cc1
780,COc1ccc(C[C@@H](C)[NH2+]C[C@@H](O)c2ccc(O)c(NC=O)c2)cc1
781,C[C@@H](Cc1ccc2c(c1)OCO2)[NH2+]C[C@@H](O)c1ccc(O)c(O)c1
782,C[C@@H](Cc1ccccc1)[N@@H+](C)Cc1ccccc1
783,C[NH2+][C@@H](C)Cc1ccccc1
784,C[C@H]([NH3+])Cc1ccccc1
785,C[C@@H](CCc1ccc(O)cc1)[NH2+]CCc1ccc(O)c(O)c1
786,C[C@@H](CCc1ccccc1)[NH2+]C[C@H](O)c1ccc(O)c(C(N)=O)c1
787,COc1cc(N[C@@H](C)CCC[NH3+])c2ncccc2c1
788,CC(=O)N(C[C@H](C)C(=O)[O-])c1c(I)cc(I)c(N)c1I
789,C[C@@H](CN1c2ccccc2CCc2ccccc21)C[NH+](C)C
790,C[C@H](CN1c2ccccc2Sc2ccccc21)[NH+](C)C
791,C[C@@H](CN1c2ccccc2Sc2ccccc21)C[NH+](C)C
792,C[C@@H](O)CN1CCN(CC(=O)[O-])CCN(CC(=O)[O-])CC[N@@H+](CC(=O)[O-])CC1
793,C[C@@H](COc1ccccc1)[N@@H+](CCCl)Cc1ccccc1
794,C[C@@](O)(CS(=O)(=O)c1ccc(F)cc1)C(=O)Nc1ccc(C#N)c(C(F)(F)F)c1
795,CC(O)(P(=O)([O-])[O-])P(=O)([O-])[O-]
796,CC(=O)/N=c1\sc(S(N)(=O)=O)nn1C
797,CC(=O)O[C@]1(C(C)=O)CC[C@H]2[C@@H]3CCC4=CC(=O)CCC4=C3[C@@H](c3ccc(N(C)C)cc3)C[C@@]21C
798,CC(=O)[C@H]1CC[C@H]2[C@@H]3C=CC4=CC(=O)CC[C@@]4(C)[C@@H]3CC[C@]12C
799,CC(=O)[C@H]1CC[C@H]2[C@@H]3CCC4=CC(=O)CC[C@]4(C)[C@H]3CC[C@]12C
800,CC(=O)[N-]S(=O)(=O)c1ccc(N)cc1
801,CC(=O)[O-]
802,COc1cc(C(C)=O)ccc1OCCC[N@H+]1CC[C@H](c2noc3cc(F)ccc32)CC1
803,CC(=O)c1ccc(S(=O)(=O)[N-]C(=O)NC2CCCCC2)cc1
804,CC(=O)c1ccc2c(c1)N(CCC[N@H+]1CC[C@@H](CCO)CC1)c1ccccc1S2
805,CC(=O)c1ccc2c(c1)N(CCCN1CC[NH+](CCO)CC1)c1ccccc1S2
806,CC(=O)C[C@H](c1ccccc1)c1c([O-])c2ccccc2oc1=O
807,COc1ccc2cc(CCC(C)=O)ccc2c1
808,CC(=O)CCCCn1c(=O)c2c(ncn2C)n(C)c1=O
809,CNC(=O)c1c(I)c(C(=O)NCC(=O)Nc2c(I)c(C(=O)[O-])c(I)c(C(=O)NCCO)c2I)c(I)c(N(C)C(C)=O)c1I
810,CC(=O)N(CC(O)CN(C(C)=O)c1c(I)c(C(=O)NC[C@H](O)CO)c(I)c(C(=O)NC[C@@H](O)CO)c1I)c1c(I)c(C(=O)NC[C@H](O)CO)c(I)c(C(=O)NC[C@@H](O)CO)c1I
811,CC(=O)N(C[C@@H](O)CO)c1c(I)c(C(=O)NC[C@H](O)CO)c(I)c(C(=O)NC[C@@H](O)CO)c1I
812,CC(=O)N(C[C@@H](O)CO)c1c(I)c(C(=O)NCCO)c(I)c(C(=O)NC[C@@H](O)CO)c1I
813,CC(=O)N(O)CCCCCNC(=O)CCC(=O)N(O)CCCCCNC(=O)CCC(=O)N(O)CCCCC[NH3+]
814,CC(=O)N1CCN(c2ccc(OC[C@H]3CO[C@](Cn4ccnc4)(c4ccc(Cl)cc4Cl)O3)cc2)CC1
815,CC(=O)N1CCN(c2ccc(OC[C@H]3CO[C@](Cn4ccnc4)(c4ccc(Cl)cc4Cl)O3)cc2)CC1
816,CC(=O)N[C@@H](CS)C(=O)[O-]
817,CC(=O)N[C@@H]1[C@@H](O[C@@H]2O[C@H](C(=O)[O-])[C@@H](O)[C@H](O)[C@H]2O)[C@@H](O)[C@@H](OS(=O)(=O)[O-])O[C@H]1O
818,CC(=O)N[C@H]1[C@H]([C@H](O)[C@H](O)CO)OC(C(=O)[O-])=C[C@@H]1[NH+]=C(N)N
819,COC[C@@H](NC(C)=O)C(=O)NCc1ccccc1
820,COc1cc2c(c(OC)c1OC)-c1ccc(OC)c(=O)cc1[C@@H](NC(C)=O)CC2
821,CNC(=O)c1c(I)c(NC(C)=O)c(I)c(C(=O)[O-])c1I
822,CC(=O)Nc1c(I)c(C(=O)[O-])c(I)c(N(C)C(C)=O)c1I
823,CC(=O)Nc1c(I)c(C(=O)N[C@@H]2[C@@H](O)[C@H](O)[C@@H](CO)O[C@@H]2O)c(I)c(N(C)C(C)=O)c1I
824,CC(=O)Nc1c(I)c(NC(C)=O)c(I)c(C(=O)[O-])c1I
825,CC(=O)Nc1c(I)cc(I)c(C(=O)[O-])c1I
826,CC(=O)Nc1ccc(O)cc1
827,CC(=O)Nc1nnc(S(N)(=O)=O)s1
828,CC(=O)NC[C@H]1CN(c2ccc(N3CCOCC3)c(F)c2)C(=O)O1
829,CC(=O)NCc1c(I)c(NC(C)=O)c(I)c(C(=O)[O-])c1I
830,CC(=O)NCCCS(=O)(=O)[O-]
831,CC(=O)NO
832,COc1ccc([C@@H]2Sc3ccccc3N(CC[NH+](C)C)C(=O)[C@@H]2OC(C)=O)cc1
833,C#C[C@]1(OC(C)=O)CC[C@H]2[C@@H]3CCC4=CC(=O)CC[C@@H]4[C@H]3CC[C@@]21C
834,C=CC[N+]1([C@H]2C[C@H]3[C@@H]4CC[C@H]5C[C@H](O)[C@@H]([NH+]6CCOCC6)C[C@]5(C)[C@H]4CC[C@]3(C)[C@H]2OC(C)=O)CCCC1
835,CC(=O)O[C@H]1C[C@@H]2CC[C@@H]3[C@H](CC[C@@]4(C)[C@H]3C[C@H]([N+]3(C)CCCCC3)[C@@H]4OC(C)=O)[C@@]2(C)C[C@@H]1[N+]1(C)CCCCC1
836,CC(=O)O[C@H]1C[C@@H]2CC[C@@H]3[C@H](CC[C@@]4(C)[C@H]3C[C@H]([N+]3(C)CCCCC3)[C@@H]4OC(C)=O)[C@@]2(C)C[C@@H]1[NH+]1CCCCC1
837,CC(=O)O[C@H]1C[C@@H]2CC[C@@H]3[C@H](CC[C@@]4(C)[C@H]3C[C@H](N3CC[N+](C)(C)CC3)[C@@H]4OC(C)=O)[C@@]2(C)C[C@@H]1N1CC[N+](C)(C)CC1
838,CC(=O)O[C@H]1Cc2ccccc2N(C(N)=O)c2ccccc21
839,CC(=O)O[C@H]1CC[C@@]2(C)C(=CC[C@@H]3[C@@H]2CC[C@]2(C)C(c4cccnc4)=CC[C@@H]32)C1
840,CC(=O)O[C@H]1CC[C@@]2(C)C(=CC[C@@H]3[C@@H]2CC[C@]2(C)C(c4cccnc4)=CC[C@@H]32)C1
841,C#C[C@]1(OC(C)=O)CC[C@H]2[C@@H]3CCC4=C[C@@H](OC(C)=O)CC[C@@H]4[C@H]3CC[C@@]21C
842,CC(=O)Oc1cc2c(s1)CC[N@@H+]([C@@H](C(=O)C1CC1)c1ccccc1F)C2
843,CC(=O)Oc1ccc(C(c2ccc(OC(C)=O)cc2)c2ccccn2)cc1
844,CC(=O)Oc1ccccc1C(=O)[O-]
845,CC(=O)Oc1ccccc1C(=O)Nc1ncc([N+](=O)[O-])s1
846,CC(=O)Oc1ccccc1C(=O)O
847,CC(=O)OCC(CCn1cnc2cnc(N)nc21)COC(C)=O
848,CC(=O)OCC(=O)[C@@]12OC(C)(C)O[C@@H]1C[C@H]1[C@@H]3C[C@H](F)C4=CC(=O)C=C[C@]4(C)[C@@]3(F)[C@@H](O)C[C@@]12C
849,CC(=O)OCC(=O)[C@@]12OC3(CCCC3)O[C@@H]1C[C@H]1[C@@H]3CCC4=CC(=O)C=C[C@]4(C)[C@@]3(F)[C@@H](O)C[C@@]12C
850,CC(=O)OCC(=O)[C@@]1(O)CC[C@H]2[C@@H]3CCC4=CC(=O)CC[C@]4(C)[C@@]3(F)[C@@H](O)C[C@@]21C
851,CC(=O)OCC(=O)[C@@]1(O)CC[C@H]2[C@@H]3CCC4=CC(=O)CC[C@]4(C)[C@H]3[C@@H](O)C[C@@]21C
852,CC(=O)OCC(=O)[C@@]1(O)CC[C@H]2[C@@H]3CCC4=CC(=O)CC[C@]4(C)[C@H]3C(=O)C[C@@]21C
853,CC(=O)OCC(=O)[C@H]1CC[C@H]2[C@@H]3CCC4=CC(=O)CC[C@]4(C)[C@H]3CC[C@]12C
854,CO/N=C(\C(=O)N[C@@H]1C(=O)N2C(C(=O)[O-])=C(COC(C)=O)CS[C@H]12)c1csc(N)n1
855,CC(=O)OCC1=C(C(=O)[O-])N2C(=O)[C@@H](NC(=O)[C@H]([NH3+])c3ccccc3)[C@H]2SC1
856,CC(=O)OCC1=C(C(=O)[O-])N2C(=O)[C@@H](NC(=O)Cc3cccs3)[C@H]2SC1
857,CC(=O)OCC1=C(C(=O)[O-])N2C(=O)[C@@H](NC(=O)CSc3ccncc3)[C@H]2SC1
858,CC(=O)OCC[N+](C)(C)C
859,CC(=O)S[C@@H]1CC2=CC(=O)CC[C@]2(C)[C@H]2CC[C@@]3(C)[C@@H](CC[C@@]34CCC(=O)O4)[C@H]12
860,CO/N=C(\C(=O)N[C@@H]1C(=O)N2C(C(=O)O[C@@H](C)OC(C)=O)=C(COC(N)=O)CS[C@H]12)c1ccco1
861,CC/C(=C(/CC)c1ccc(O)cc1)c1ccc(O)cc1
862,CC/C(=C(/CC)c1ccc(OP(=O)([O-])[O-])cc1)c1ccc(OP(=O)([O-])[O-])cc1
863,CC/C(=C(\c1ccccc1)c1ccc(OCC[NH+](C)C)cc1)c1ccccc1
864,CC1(C)[C@H](C(=O)[O-])N2C(=O)C[C@H]2S1(=O)=O
865,CC1(C)S[C@@H]2[C@H](/[NH+]=C/N3CCCCCC3)C(=O)N2[C@H]1C(=O)[O-]
866,CC1(C)S[C@@H]2[C@H](N3C(=O)[C@@H](c4ccccc4)[NH2+]C3(C)C)C(=O)N2[C@H]1C(=O)[O-]
867,CC1(C)S[C@@H]2[C@H](NC(=O)[C@H]([NH3+])c3ccc(O)cc3)C(=O)N2[C@H]1C(=O)[O-]
868,CC1(C)S[C@@H]2[C@H](NC(=O)[C@H]([NH3+])c3ccccc3)C(=O)N2[C@H]1C(=O)[O-]
869,CC1(C)S[C@@H]2[C@H](NC(=O)[C@H](NC(=O)N3CCNC3=O)c3ccccc3)C(=O)N2[C@H]1C(=O)[O-]
870,CC1(C)S[C@@H]2[C@H](NC(=O)[C@H](C(=O)[O-])c3ccsc3)C(=O)N2[C@H]1C(=O)[O-]
871,CC1(C)S[C@@H]2[C@H](NC(=O)[C@@H](C(=O)[O-])c3ccccc3)C(=O)N2[C@H]1C(=O)[O-]
872,CC1(C)S[C@@H]2[C@H](NC(=O)C3([NH3+])CCCCC3)C(=O)N2[C@H]1C(=O)[O-]
873,COc1cccc(OC)c1C(=O)N[C@@H]1C(=O)N2[C@@H]1SC(C)(C)[C@@H]2C(=O)[O-]
874,CC1(C)S[C@@H]2[C@H](NC(=O)Cc3ccccc3)C(=O)N2[C@H]1C(=O)[O-]
875,CC1(C)S[C@@H]2[C@H](NC(=O)COc3ccccc3)C(=O)N2[C@H]1C(=O)[O-]
876,CC(C)(C)NC(=O)N[C@H](C(=O)N1C[C@H]2[C@@H]([C@H]1C(=O)N[C@@H](CC1CCC1)C(=O)C(N)=O)C2(C)C)C(C)(C)C
877,CC1(C)S[C@H]([C@H](NC(=O)Cc2ccccc2)C(=O)NCCCCCC(=O)[O-])[NH2+][C@H]1C(=O)[O-]
878,C=C1N(CCCCCC(=O)O)c2ccccc2C1(C)C
879,CC1(C)[C@H](C=C(Cl)Cl)[C@H]1C(=O)OCc1cccc(Oc2ccccc2)c1
880,CC1(C)NC(=O)N(c2ccc([N+](=O)[O-])c(C(F)(F)F)c2)C1=O
881,CN1C(=O)OC(C)(C)C1=O
882,CC1(C)[C@@H]2CC[C@@]1(CS(=O)(=O)[O-])C(=O)/C2=C\c1ccc(/C=C2\C(=O)[C@@]3(CS(=O)(=O)[O-])CC[C@@H]2C3(C)C)cc1
883,C[NH2+][C@]1(C)[C@H]2CC[C@H](C2)C1(C)C
884,CC1(C)C[C@@H]1C(=O)N/C(=C\CCCCSC[C@H]([NH3+])C(=O)[O-])C(=O)[O-]
885,C[C@]1(O)C[C@@H](c2nc(-c3ccc4ccc(-c5ccccc5)nc4c3)c3c(N)nccn32)C1
886,CN1C(=O)C[C@@](C)(c2ccccc2)C1=O
887,CC1(C)O[C@@H]2[C@@H](CO[C@@]3(COS(N)(=O)=O)OC(C)(C)O[C@@H]23)O1
888,C[C@]12C[C@@H]3C[C@](C)(C1)C[C@@]([NH3+])(C3)C2
889,CC(C)(C)C(=O)OCC(=O)[C@H]1CC[C@@H]2[C@H]3CCC4=CC(=O)CC[C@@]4(C)[C@H]3CC[C@]12C
890,C=C1[C@H](CO)[C@@H](O)C[C@@H]1n1cnc2c(=O)[nH]c(N)nc21
891,Cc1[nH+]cc2n1-c1ccc(Cl)cc1C(c1ccccc1F)=NC2
892,Cc1nc2c([nH]1)CCN(C(=O)c1ccc(NC(=O)c3ccccc3-c3ccccc3)cc1)c1ccccc1-2
893,CNC(=O)c1c(C)c(C(=O)[O-])c(I)c(NC(C)=O)c1I
894,COCCOC(=O)C1=C(C)NC(C)=C(C(=O)OC(C)C)[C@@H]1c1cccc([N+](=O)[O-])c1
895,COC(=O)C1=C(C)NC(C)=C(C(=O)OC(C)C)[C@@H]1c1cccc2nonc12
896,COC(=O)C1=C(C)NC(C)=C(C(=O)OC)C1c1ccccc1[N+](=O)[O-]
897,COC(=O)C1=C(C)NC(C)=C(C(=O)OCC(C)C)[C@@H]1c1ccccc1[N+](=O)[O-]
898,COC(=O)C1=C(C)NC(C)=C(C(=O)OCC[N@H+](C)Cc2ccccc2)[C@@H]1c1cccc([N+](=O)[O-])c1
899,COc1c(C)c2c(c(O)c1C/C=C(\C)CCC(=O)OCCN1CCOCC1)C(=O)OC2
900,CC(=O)Oc1c(C)c(C)c2c(c1C)CC[C@@](C)(CCC[C@H](C)CCC[C@H](C)CCCC(C)C)O2
901,CC(=O)Oc1c(C)c(C)c2c(c1C)CC[C@@](C)(CCC[C@@H](C)CCC[C@H](C)CCCC(C)C)O2
902,Cc1ncc(CO)c(CO)c1O
903,Cc1ncc(COP(=O)([O-])[O-])c(CN(CC[N@@H+](CC(=O)[O-])Cc2c(COP(=O)([O-])[O-])cnc(C)c2O)CC(=O)[O-])c1O
904,CC1=C(/C=C/C(C)=C/C=C/C(C)=C/C(=O)[O-])C(C)(C)CCC1
905,CC1=C(/C=C/C(C)=C/C=C/C(C)=C/C=C/C=C(C)/C=C/C=C(C)/C=C/C2=C(C)CCCC2(C)C)C(C)(C)CCC1
906,CC1=C(/C=C/C(C)=C/C=C/C(C)=C/CO)C(C)(C)CCC1
907,CC1=C(/C=C/C(C)=C/C=C/C(C)=C\C(=O)[O-])C(C)(C)CCC1
908,CC1=C(/C=C/C(C)=C\C=C\C(C)=C\C(=O)[O-])C(C)(C)CCC1
909,Cc1cccc(C)c1N(CC(=O)Nc1ccc(-c2ncon2)cc1)C(=O)C1CCS(=O)(=O)CC1
910,Cc1nc(Nc2ncc(C(=O)Nc3c(C)cccc3Cl)s2)cc(N2CCN(CCO)CC2)n1
911,Cc1onc(-c2c(Cl)cccc2Cl)c1C(=O)N[C@@H]1C(=O)N2[C@@H]1SC(C)(C)[C@@H]2C(=O)[O-]
912,Cc1onc(-c2ccccc2)c1C(=O)N[C@@H]1C(=O)N2[C@@H]1SC(C)(C)[C@@H]2C(=O)[O-]
913,Cc1onc(-c2ccccc2)c1-c1ccc(S(N)(=O)=O)cc1
914,Cc1onc(-c2ccccc2Cl)c1C(=O)N[C@@H]1C(=O)N2[C@@H]1SC(C)(C)[C@@H]2C(=O)[O-]
915,CO[C@@]12[C@H](COC(N)=O)C3=C(C(=O)C(C)=C([NH3+])C3=O)[N@@H+]1C[C@@H]1N[C@@H]12
916,CO[C@@]12[C@H](COC(N)=O)C3=C(C(=O)C(C)=C(N)C3=O)N1C[C@@H]1N[C@@H]12
917,CC1=C(C/C=C(\C)CCC[C@H](C)CCC[C@H](C)CCCC(C)C)C(=O)c2ccccc2C1=O
918,C=C/C=C/CC1=C(C)[C@@H](OC(=O)[C@@H]2[C@@H](C=C(C)C)C2(C)C)CC1=O
919,Cc1nc2n(c(=O)c1CC[N@H+]1CC[C@H](c3noc4cc(F)ccc43)CC1)CCC[C@@H]2O
920,Cc1nc2n(c(=O)c1CC[N@H+]1CC[C@H](c3noc4cc(F)ccc43)CC1)CCCC2
921,Cc1nc2n(c(=O)c1CCN1CCC(c3noc4cc(F)ccc34)CC1)CCCC2
922,Cc1c(C)c2c(c(C)c1O)CC[C@@](C)(CCC[C@H](C)CCC[C@H](C)CCCC(C)C)O2
923,Cc1c(C)c2c(c(C)c1O)CC[C@](C)(COc1ccc(C[C@H]3SC(=O)[N-]C3=O)cc1)O2
924,CO[C@H]1/C=C/O[C@@]2(C)Oc3c(C)c(O)c4c(O)c(c(/C=N/N5CC[NH+](C)CC5)c(O)c4c3C2=O)NC(=O)/C(C)=C\C=C\[C@H](C)[C@H](O)[C@@H](C)[C@@H](O)[C@@H](C)[C@H](OC(C)=O)[C@@H]1C
925,CO[C@H]1/C=C/O[C@@]2(C)Oc3c(C)c(O)c4c(O)c(c(/C=N/N5CC[NH+](C6CCCC6)CC5)c(O)c4c3C2=O)NC(=O)/C(C)=C\C=C\[C@H](C)[C@H](O)[C@@H](C)[C@@H](O)[C@@H](C)[C@H](OC(C)=O)[C@@H]1C
926,CO[C@H]1/C=C/O[C@@]2(C)Oc3c(C)c([O-])c4c(c3C2=O)C2=N[C@]3(CC[N@H+](CC(C)C)CC3)[NH2+]C2=C(NC(=O)/C(C)=C\C=C\[C@H](C)[C@H](O)[C@@H](C)[C@@H](O)[C@@H](C)[C@H](OC(C)=O)[C@@H]1C)C4=O
927,COc1ccc2c(c1)c(CC(=O)[O-])c(C)n2C(=O)c1ccc(Cl)cc1
928,Cc1[nH]c2ccccc2c1CCNCc1ccc(/C=C/C(=O)NO)cc1
929,Cc1[nH]c(=O)c(C#N)cc1-c1ccncc1
930,Cc1ccc(C(=O)Nc2ccc(CN3CCN(C)CC3)c(C(F)(F)F)c2)cc1C#Cc1cnc2cccnn12
931,Cc1cn(-c2cc(NC(=O)c3ccc(C)c(Nc4nccc(-c5cccnc5)n4)c3)cc(C(F)(F)F)c2)cn1
932,Cc1ccc(NC(=O)c2ccc(CN3CCN(C)CC3)cc2)cc1Nc1nccc(-c2cccnc2)n1
933,Cc1ccc(NC(=O)c2ccc(CN3CCN(C)CC3)cc2)cc1Nc1nccc(-c2cccnc2)n1
934,CO[C@H](C(=O)[C@@H](O)[C@@H](C)O)[C@@H]1Cc2cc3cc(O[C@H]4C[C@@H](O[C@H]5C[C@@H](O)[C@H](O)[C@@H](C)O5)[C@H](O)[C@@H](C)O4)c(C)c(O)c3c([O-])c2C(=O)[C@H]1O[C@H]1C[C@@H](O[C@H]2C[C@@H](O[C@H]3C[C@](C)(O)[C@H](O)[C@@H](C)O3)[C@@H](O)[C@@H](C)O2)[C@H](O)[C@@H](C)O1
935,Cc1cc(-c2ccc(N/N=C3/C(=O)c4c(N)cc(S(=O)(=O)[O-])cc4C=C3S(=O)(=O)[O-])c(C)c2)ccc1N/N=C1/C(=O)c2c(N)cc(S(=O)(=O)[O-])cc2C=C1S(=O)(=O)[O-]
936,COc1cc(NCc2ccc3nc(N)nc(N)c3c2C)cc(OC)c1OC
937,CO[C@@H]1[C@@H](OC(N)=O)[C@@H](O)[C@H](Oc2ccc3c([O-])c(NC(=O)c4ccc(O)c(CC=C(C)C)c4)c(=O)oc3c2C)OC1(C)C
938,Cc1c(O)cccc1C(=O)N[C@@H](CSc1ccccc1)[C@H](O)C[N@@H+]1C[C@H]2CCCC[C@H]2C[C@H]1C(=O)NC(C)(C)C
939,Cc1c(OCC(F)(F)F)ccnc1C[S@@](=O)c1nc2ccccc2[nH]1
940,Cc1c(OCC(F)(F)F)ccnc1C[S@](=O)c1nc2ccccc2[nH]1
941,COCCCOc1ccnc(C[S@@](=O)c2nc3ccccc3[nH]2)c1C
942,Cc1oncc1C(=O)Nc1ccc(C(F)(F)F)cc1
943,CC1=C(C(=O)[O-])N2C(=O)[C@@H](NC(=O)[C@H]([NH3+])C3=CCC=CC3)[C@H]2SC1
944,Cc1c(N)nc([C@H](CC(N)=O)[NH2+]C[C@H](N)C(N)=O)nc1C(=O)N[C@H](C(=O)N[C@H](C)[C@@H](O)[C@H](C)C(=O)N[C@H](C(=O)NCCc1nc(-c2nc(C(=O)NCCC[S+](C)C)cs2)cs1)[C@@H](C)O)[C@@H](O[C@@H]1O[C@@H](CO)[C@@H](O)[C@H](O)[C@@H]1O[C@H]1O[C@H](CO)[C@@H](O)[C@H](OC(N)=O)[C@@H]1O)c1c[nH]cn1
945,Cc1[nH]cnc1CN1CCc2c(c3ccccc3n2C)C1=O
946,CN/C(=N\C#N)NCCSCc1nc[nH]c1C
947,Cc1noc([N-]S(=O)(=O)c2ccc(N)cc2)c1C
948,CC(=O)N(c1onc(C)c1C)S(=O)(=O)c1ccc(N)cc1
949,Cc1c(-c2ccccc2)oc2c(C(=O)OCC[NH+]3CCCCC3)cccc2c1=O
950,C[C@@H]1[NH2+]CCO[C@H]1c1ccccc1
951,Cc1nc(-c2ccc(OCC(C)C)c(C#N)c2)sc1C(=O)[O-]
952,Cc1ncc(C[n+]2csc(CCO)c2C)c(N)n1
953,CC(=O)O[C@H]1C(=O)[C@@]2(C)[C@H]([C@H](OC(=O)c3ccccc3)[C@]3(O)C[C@H](OC(=O)[C@H](O)[C@@H](NC(=O)c4ccccc4)c4ccccc4)C(C)=C1C3(C)C)[C@]1(OC(C)=O)CO[C@@H]1C[C@@H]2O
954,CC(=O)O[C@@]12CO[C@@H]1C[C@H](O)[C@@]1(C)C(=O)[C@H](O)C3=C(C)[C@@H](OC(=O)[C@H](O)[C@@H](NC(=O)OC(C)(C)C)c4ccccc4)C[C@@](O)([C@@H](OC(=O)c4ccccc4)[C@H]21)C3(C)C
955,CO[C@H]1C(=O)[C@]2(C)[C@@H](OC)C[C@H]3OC[C@@]3(OC(C)=O)[C@H]2[C@H](OC(=O)c2ccccc2)[C@]2(O)C[C@H](OC(=O)[C@H](O)[C@@H](NC(=O)OC(C)(C)C)c3ccccc3)C(C)=C1C2(C)C
956,COc1c(C)c2c(c([O-])c1C/C=C(\C)CCC(=O)[O-])C(=O)OC2
957,COc1c(C)c2c(c([O-])c1C/C=C(\C)CCC(=O)OCC[NH+]1CCOCC1)C(=O)OC2
958,Cc1c(F)c(N2CC[NH2+][C@@H](C)C2)cc2c1c(=O)c(C(=O)[O-])cn2C1CC1
959,CC1=C(CCC(=O)[O-])c2cc3nc(cc4[nH]c(cc5[nH]c(cc1n2)c(C)c5[C@H](C)O)c(C)c4[C@H](C)O[C@@H](C)c1c(C)c2cc4nc(cc5nc(cc6[nH]c(cc1[nH]2)c(C)c6[C@H](C)O)C(C)=C5CCC(=O)[O-])C(CCC(=O)[O-])=C4C)C(C)=C3CCC(=O)[O-]
960,C=CC1=C(C)c2cc3[nH]c(cc4nc(cc5[nH]c(cc1n2)c(C)c5CCC(=O)[O-])C(CCC(=O)OC)=C4C)[C@@]1(C)C3=CC=C(C(=O)OC)[C@H]1C(=O)OC
961,CC(=O)O[C@]1(C(C)=O)CC[C@H]2[C@@H]3C=C(C)C4=CC(=O)CC[C@]4(C)[C@H]3CC[C@@]21C
962,Cc1cn[nH]c1
963,Cc1cc(C)c(/C=C2\C(=O)Nc3ccccc32)[nH]1
964,COc1cc(C)c(/C=C/C(C)=C/C=C/C(C)=C/C(=O)[O-])c(C)c1C
965,Cc1cc(C(C)(C)C)c(O)c(C)c1CC1=[NH+]CCN1
966,Cc1cc(C)c(NC(=O)C[NH+](CC(=O)[O-])CC(=O)[O-])c(C)c1Br
967,CC(=O)Oc1c(C)cc(OC[C@@H](O)C[NH2+]C(C)C)c(C)c1C
968,Cc1cc(O)c(C(=O)N[C@@H](C(=O)N[C@@H]2C(=O)N3C(C(=O)[O-])=C(CSc4nnnn4C)CS[C@H]23)c2ccc(O)cc2)cn1
969,Cc1cc(/C=C/c2ccc3cc(N(C)C)ccc3[n+]2C)c(C)n1-c1ccccc1
970,Cc1cc(OP(=O)([O-])[O-])c2ccccc2c1OP(=O)([O-])[O-]
971,Cc1cc(C)cc(OC[C@H]2CNC(=O)O2)c1
972,Cc1cc(/C=C/C#N)cc(C)c1Nc1ccnc(Nc2ccc(C#N)cc2)n1
973,Cc1cc(C#N)cc(C)c1Oc1nc(Nc2ccc(C#N)cc2)nc(N)c1Br
974,Cc1cc(C2CCCCC2)n([O-])c(=O)c1
975,COC(c1ccccc1)(c1ccccc1)[C@H](Oc1nc(C)cc(C)n1)C(=O)[O-]
976,Cc1cc(C(=O)NNCc2ccccc2)no1
977,CC1=CC(=O)c2ccccc2C1=O
978,Cc1cc2cc3c(C)cc(=O)oc3c(C)c2o1
979,C=C(c1ccc(C(=O)[O-])cc1)c1cc2c(cc1C)C(C)(C)CCC2(C)C
980,Cc1cc2nc3c(=O)[nH]c(=O)nc-3n(C[C@H](O)[C@H](O)[C@H](O)CO)c2cc1C
981,Cc1cc2nc3c(=O)[nH]c(=O)nc-3n(C[C@H](O)[C@H](O)[C@H](O)COP(=O)([O-])[O-])c2cc1C
982,C/C1=C2/N=C(/C=C3\N/C(=C(/C)C4=N[C@@](C)([C@@H]5N=C1[C@](C)(CCC(=O)NC[C@H](C)O[P@@](=O)([O-])O[C@H]1[C@@H](O)[C@@H](n6cnc7cc(C)c(C)cc76)O[C@@H]1CO)[C@H]5CC(N)=O)[C@@](C)(CC(N)=O)[C@@H]4CCC(N)=O)[C@@](C)(CC(N)=O)[C@@H]3CCC(N)=O)C(C)(C)[C@@H]2CCC(N)=O
983,
984,
985,Cc1cc2c(s1)=Nc1ccccc1NC=2N1CC[NH+](C)CC1
986,Cc1cc2c(s1)Nc1ccccc1[NH+]=C2N1CC[NH+](C)CC1
987,C[C@H]1Cc2ccccc2N1NC(=O)c1ccc(Cl)c(S(N)(=O)=O)c1
988,C=C1CC[C@@]2(O)[C@H]3Cc4ccc(O)c5c4[C@@]2(CC[N@H+]3CC2CC2)[C@H]1O5
989,Cc1ccc(O)c([C@H](CC[NH+](C(C)C)C(C)C)c2ccccc2)c1
990,Cc1ccc(C)c(OCCCC(C)(C)C(=O)[O-])c1
991,Cc1ccc(Cl)c(Nc2ccccc2C(=O)[O-])c1Cl
992,Cc1c2oc3c(C)ccc(C(=O)N[C@H]4C(=O)N[C@@H](C(C)C)C(=O)N5CCC[C@@H]5C(=O)N(C)CC(=O)N(C)[C@H](C(C)C)C(=O)O[C@H]4C)c3nc-2c(C(=O)N[C@@H]2C(=O)N[C@@H](C(C)C)C(=O)N3CCC[C@@H]3C(=O)N(C)CC(=O)N(C)[C@@H](C(C)C)C(=O)O[C@@H]2C)c(N)c1=O
993,Cc1ccc(/C(=C\C[NH+]2CCCC2)c2cccc(/C=C/C(=O)[O-])n2)cc1
994,Cc1ccc(/C(=C\C[NH+]2CCCC2)c2ccccn2)cc1
995,Cc1ccc(C(=O)c2cc(O)c([O-])c([N+](=O)[O-])c2)cc1
996,Cc1ccc(C(=O)c2ccc(CC(=O)[O-])n2C)cc1
997,Cc1ccc(-c2nc3ccc(C)cn3c2CC(=O)N(C)C)cc1
998,Cc1ccc(-c2cc(C(F)(F)F)nn2-c2ccc(S(N)(=O)=O)cc2)cc1
999,Cc1ccc(N(CC2=[NH+]CCN2)c2cccc(O)c2)cc1
1000,Cc1ccc(S(=O)(=O)[N-]C(=O)N[NH+]2CCCCCC2)cc1
1001,CNC(=O)c1cc(Oc2ccc(NC(=O)Nc3ccc(Cl)c(C(F)(F)F)c3)cc2)ccn1
1002,Cc1ccc(-n2[nH]c(C)c(N/N=C3\C=CC=C(c4cccc(C(=O)[O-])c4)C3=O)c2=O)cc1C
1003,Cc1cn(-c2cc(NC(=O)c3ccc(C)c(Nc4nccc(-c5cccnc5)n4)c3)cc(C(F)(F)F)c2)cn1
1004,Cc1ccc(NC(=O)c2ccc(CN3CC[NH+](C)CC3)cc2)cc1Nc1nccc(-c2cccnc2)n1
1005,Cc1ccc(Nc2nccc(N(C)c3ccc4c(C)n(C)nc4c3)n2)cc1S(N)(=O)=O
1006,Cc1cccc(C[NH+]2CCN([C@@H](c3ccccc3)c3ccc(Cl)cc3)CC2)c1
1007,Cc1cccc(Nc2ccncc2S(=O)(=O)[N-]C(=O)NC(C)C)c1
1008,Cc1cccc(Nc2ccccc2C(=O)[O-])c1C
1009,Cc1cccc(C)c1NC(=O)[C@@H](C)[NH3+]
1010,Cc1cccc(C)c1NC(=O)[C@H]1CCCC[N@H+]1C
1011,Cc1nc(Nc2ncc(C(=O)Nc3c(C)cccc3Cl)s2)cc(N2CC[NH+](CCO)CC2)n1
1012,Cc1cccc(C)c1NC(=O)C[NH+](CC(=O)[O-])CC(=O)[O-]
1013,COc1ccccc1OC[C@@H](O)CN1CC[NH+](CC(=O)Nc2c(C)cccc2C)CC1
1014,Cc1cccc(C)c1OC[C@@H](C)[NH3+]
1015,Cc1cccc(C)c1OCC(=O)N[C@@H](Cc1ccccc1)[C@@H](O)C[C@H](Cc1ccccc1)NC(=O)[C@H](C(C)C)N1CCCNC1=O
1016,Cc1ccccc1[C@@H](OCC[NH+](C)C)c1ccccc1
1017,Cc1ccccc1C(=O)Nc1ccc(C(=O)N2CCC[C@@H](O)c3cc(Cl)ccc32)c(C)c1
1018,Cc1ccccc1N1C(=O)c2cc(S(N)(=O)=O)c(Cl)cc2N[C@H]1C
1019,Cc1ccccc1N1CC[NH+](CCc2nnc3n2CCCC3)CC1
1020,C[NH2+]CC[C@@H](Oc1ccccc1C)c1ccccc1
1021,COc1cc(C(=O)[N-]S(=O)(=O)c2ccccc2C)ccc1Cc1cn(C)c2ccc(NC(=O)OC3CCCC3)cc12
1022,Cc1cccn2c(=O)c(-c3nnn[n-]3)cnc12
1023,CO[C@H]1/C=C/O[C@@]2(C)Oc3c(C)c(O)c4c(O)c(c5c(nc6cc(C)ccn65)c4c3C2=O)NC(=O)/C(C)=C\C=C\[C@H](C)[C@H](O)[C@@H](C)[C@@H](O)[C@@H](C)[C@H](OC(C)=O)[C@@H]1C
1024,Cc1ccnc([N-]S(=O)(=O)c2ccc(N)cc2)n1
1025,Cc1ccnc2c1NC(=O)c1cccnc1N2C1CC1
1026,Cc1ccsc1C(=CCC[N@@H+]1CCC[C@@H](C(=O)[O-])C1)c1sccc1C
1027,Cc1cn([C@@H]2C[C@@H](O)[C@H](CO)O2)c(=O)[nH]c1=O
1028,Cc1cn([C@H]2C[C@H](N=[N+]=[N-])[C@@H](CO)O2)c(=O)[nH]c1=O
1029,Cc1cn([C@H]2C=C[C@@H](CO)O2)c(=O)[nH]c1=O
1030,COc1c(N2CC[NH2+][C@@H](C)C2)c(F)cc2c(=O)c(C(=O)[O-])cn(C3CC3)c12
1031,COc1ccc2nc([S@](=O)Cc3ncc(C)c(OC)c3C)[nH]c2c1
1032,Cc1cnc(C(=O)NCCc2ccc(S(=O)(=O)[N-]C(=O)NC3CCCCC3)cc2)cn1
1033,Cc1cnc(NC(=O)C2=C(O)c3ccccc3S(=O)(=O)N2C)s1
1034,C[C@H]1COc2c(N3CC[NH+](C)CC3)c(F)cc3c(=O)c(C(=O)[O-])cn1c23
1035,C/C(=C\c1csc(C)n1)[C@@H]1C[C@@H]2O[C@]2(C)CCC[C@H](C)[C@H](O)[C@@H](C)C(=O)C(C)(C)[C@@H](O)CC(=O)N1
1036,Cc1ncc([N+](=O)[O-])n1CCO
1037,Cc1nccn1C[C@@H]1CCc2c(c3ccccc3n2C)C1=O
1038,Cc1nnc(C(=O)NC(C)(C)c2nc(C(=O)NCc3ccc(F)cc3)c([O-])c(=O)n2C)o1
1039,Cc1nnc([N-]S(=O)(=O)c2ccc(N)cc2)s1
1040,Cc1nnc(SCC2=C(C(=O)[O-])N3C(=O)[C@@H](NC(=O)Cn4cnnn4)[C@H]3SC2)s1
1041,Cc1nnc2n1-c1ccc(Cl)cc1C(c1ccccc1)=NC2
1042,Cc1nnc2n1-c1ccc(Cl)cc1C(c1ccccc1Cl)=NC2
1043,CC1=NS(=O)(=O)c2cc(Cl)ccc2N1
1044,CC[C@@]1(O)C(=O)OCc2c1cc1n(c2=O)Cc2cc3c(C[NH+](C)C)c(O)ccc3nc2-1
1045,CC[C@]1(O)C[C@H]2CN(CCc3c([nH]c4ccccc34)[C@@](C(=O)OC)(c3cc4c(cc3OC)N(C=O)[C@H]3[C@@](O)(C(=O)OC)[C@H](OC(C)=O)[C@]5(CC)C=CCN6CC[C@]43[C@@H]65)C2)C1
1046,CC[C@]1(O)C[C@H]2CN(CCc3c([nH]c4ccccc34)[C@@](C(=O)OC)(c3cc4c(cc3OC)N(C=O)[C@H]3[C@@](O)(C(=O)OC)[C@H](OC(C)=O)[C@]5(CC)C=CCN6CC[C@]43[C@@H]65)C2)C1
1047,CC[C@]1(O)CC[C@H]2[C@@H]3CCC4=CCCC[C@@H]4[C@H]3CC[C@@]21C
1048,CC[C@@H]([C@H](C)O)n1ncn(-c2ccc(N3CCN(c4ccc(OC[C@@H]5CO[C@@](Cn6cncn6)(c6ccc(F)cc6F)C5)cc4)CC3)cc2)c1=O
1049,CC[C@H](OC(C)=O)C(C[C@H](C)[NH+](C)C)(c1ccccc1)c1ccccc1
1050,CC[C@@H](C(N)=O)N1CCCC1=O
1051,CC[C@@H](C)C(=O)O[C@H]1[C@H](O)[C@H]2[C@@H](C[N@H+]3C[C@@H](C)CC[C@H]3[C@@]2(C)O)[C@@H]2C[C@]34O[C@]5(O)[C@@H](OC(=O)[C@@](C)(O)CC)CC[C@@]3(C)[C@@H]5[C@@H](OC(C)=O)[C@@H](OC(C)=O)[C@H]4[C@@]21O
1052,CC[C@@H](c1cccc(O)c1)[C@@H](C)C[NH+](C)C
1053,CC[C@@H](CO)NCC[NH2+][C@@H](CC)CO
1054,CC[C@@H](CO)NC(=O)[C@@H]1C=C2c3cccc4[nH]cc(c34)C[C@H]2[N@@H+](C)C1
1055,CC[C@@H](CO)NC(=O)[C@@H]1C=C2c3cccc4c3c(cn4C)C[C@H]2[N@@H+](C)C1
1056,CC[C@@H]1/C=C(/C)C[C@H](C)C[C@H](OC)[C@H]2O[C@@](O)(C(=O)C(=O)N3CCCC[C@H]3C(=O)O[C@H](/C(C)=C/[C@@H]3CC[C@H](Cl)[C@H](OC)C3)[C@H](C)[C@@H](O)CC1=O)[C@H](C)C[C@@H]2OC
1057,CC[C@H]1OC(=O)[C@H](C)[C@@H](O[C@H]2C[C@@](C)(OC)[C@@H](O)[C@H](C)O2)[C@H](C)[C@@H](O[C@@H]2O[C@H](C)C[C@H]([NH+](C)C)[C@H]2O)[C@](C)(O)C[C@@H](C)C[N@@H+](C)[C@H](C)[C@@H](O)[C@]1(C)O
1058,CC[C@H]1OC(=O)[C@H](C)[C@@H](O[C@H]2C[C@@](C)(OC)[C@@H](O)[C@H](C)O2)[C@H](C)[C@@H](O[C@@H]2O[C@H](C)C[C@H]([NH+](C)C)[C@H]2O)[C@](C)(O)C[C@@H](C)C(=O)[C@H](C)[C@@H](O)[C@]1(C)O
1059,CC[C@H]1OC(=O)[C@H](C)[C@@H](O[C@H]2C[C@@](C)(OC)[C@@H](O)[C@H](C)O2)[C@H](C)[C@@H](O[C@@H]2O[C@H](C)C[C@H]([NH+](C)C)[C@H]2O)[C@](C)(OC)C[C@@H](C)C(=O)[C@H](C)[C@@H](O)[C@]1(C)O
1060,CCC(=O)O[C@H]1[C@H](O[C@@H]2[C@@H](C)[C@H](O[C@H]3C[C@@](C)(OC)[C@@H](O)[C@H](C)O3)[C@@H](C)C(=O)O[C@H](CC)[C@@](C)(O)[C@H](O)[C@@H](C)C(=O)[C@H](C)C[C@@]2(C)O)O[C@H](C)C[C@@H]1[NH+](C)C
1061,CC[C@H]1NC(=O)[C@@H](NC(=O)c2ncccc2O)[C@@H](C)OC(=O)[C@H](c2ccccc2)NC(=O)[C@@H]2CC(=O)[C@@H](CS[C@@H]3C[N@H+]4CC[C@@H]3CC4)CN2C(=O)[C@H](Cc2ccc(N(C)C)cc2)N(C)C(=O)[C@@H]2CCCN2C1=O
1062,C#C[C@]1(O)CC[C@H]2[C@@H]3CCC4=CC(=O)CC[C@@H]4[C@H]3C(=C)C[C@@]21CC
1063,C#C[C@]1(O)CC[C@H]2[C@@H]3CCC4=C/C(=N/O)CC[C@@H]4[C@H]3CC[C@@]21CC
1064,C#C[C@]1(O)CC[C@H]2[C@@H]3CCC4=CC(=O)CC[C@@H]4[C@H]3CC[C@@]21CC
1065,C#C[C@]1(OC(C)=O)CC[C@H]2[C@@H]3CCC4=C/C(=N/O)CC[C@@H]4[C@H]3CC[C@@]21CC
1066,CC[C@H](C)[C@H]1O[C@]2(CC[C@@H]1C)C[C@@H]1C[C@@H](C/C=C(\C)[C@@H](O[C@H]3C[C@H](OC)[C@@H](O[C@H]4C[C@H](OC)[C@@H](O)[C@H](C)O4)[C@H](C)O3)[C@@H](C)/C=C/C=C3\CO[C@@H]4[C@H](O)C(C)=C[C@@H](C(=O)O1)[C@]34O)O2
1067,CC[C@H](C)[C@@H]1NC(=O)[C@H](Cc2ccc(O)cc2)NC(=O)[C@@H]([NH3+])CSSC[C@@H](C(=O)N2CCC[C@H]2C(=O)N[C@@H](CC(C)C)C(=O)NCC(N)=O)NC(=O)[C@H](CC(N)=O)NC(=O)[C@H](CCC(N)=O)NC1=O
1068,CC[C@H](C)C(=O)O[C@H]1C[C@H](O)C=C2C=C[C@H](C)[C@H](CC[C@@H](O)C[C@@H](O)CC(=O)[O-])[C@H]21
1069,CC[C@H](C)C(=O)O[C@H]1C[C@@H](C)C=C2C=C[C@H](C)[C@H](CC[C@@H]3C[C@@H](O)CC(=O)O3)[C@H]21
1070,CC[C@@H]1C(=O)OC[C@@H]1Cc1cncn1C
1071,C/C=C/C[C@@H](C)[C@@H](O)[C@H]1C(=O)N[C@@H](CC)C(=O)N(C)CC(=O)N(C)[C@@H](CC(C)C)C(=O)N[C@@H](C(C)C)C(=O)N(C)[C@@H](CC(C)C)C(=O)N[C@@H](C)C(=O)N[C@H](C)C(=O)N(C)[C@@H](CC(C)C)C(=O)N(C)[C@@H](CC(C)C)C(=O)N(C)[C@@H](C(C)C)C(=O)N1C
1072,CC[C@H]1CCC[C@H](O[C@H]2CC[C@H]([NH+](C)C)[C@@H](C)O2)[C@@H](C)C(=O)C2=C[C@@H]3[C@@H](C=C(C)[C@@H]4C[C@@H](O[C@@H]5O[C@@H](C)[C@H](OC)[C@@H](OC)[C@H]5OC)C[C@@H]34)[C@@H]2CC(=O)O1
1073,CC[N+](C)(C)c1cccc(O)c1
1074,CC[N+](C)(C)Cc1ccccc1Br
1075,CC[N+](C)(CC)CCOC(=O)[C@@](O)(c1ccccc1)C1CCCCC1
1076,CC[N+](C)(CC)CCOC(=O)C1c2ccccc2Oc2ccccc21
1077,CC[N+](CC)(CC)CC[C@](O)(c1ccccc1)C1CCCCC1
1078,CC[N+](CC)(CC)CCOc1cccc(OCC[N+](CC)(CC)CC)c1OCC[N+](CC)(CC)CC
1079,CC[N+](CC)(CCNC(=O)C(=O)NCC[N+](CC)(CC)Cc1ccccc1Cl)Cc1ccccc1Cl
1080,CC[NH+](CC)[C@@H](C)C(=O)c1ccccc1
1081,CC[NH+](CC)[C@H](C)CN1c2ccccc2Sc2ccccc21
1082,CC[NH+](CC)CC#CCOC(=O)[C@](O)(c1ccccc1)C1CCCCC1
1083,CC[NH+](CC)CC(=O)Nc1c(C)cccc1C
1084,CC[NH+](CC)CC(=O)OCC(=O)[C@@]1(O)CC[C@H]2[C@@H]3CCC4=CC(=O)CC[C@]4(C)[C@H]3[C@@H](O)C[C@@]21C
1085,CC[NH+](CC)Cc1cc(Nc2ccnc3cc(Cl)ccc23)ccc1O
1086,CC[NH+](CC)CCC[C@@H](C)Nc1cc[nH+]c2cc(Cl)ccc12
1087,CC[NH+](CC)CCN1C(=O)CN=C(c2ccccc2F)c2cc(Cl)ccc21
1088,CC[NH+](CC)CCNC(=O)c1c(C)[nH]c(/C=C2\C(=O)Nc3ccc(F)cc32)c1C
1089,CC[NH+](CC)CCNC(=O)c1cc(Cl)c(N)cc1OC
1090,CC[NH+](CC)CCNC(=O)c1ccc(N)cc1
1091,CC[NH+](CC)CCOC(=O)C1(C2CCCCC2)CCCCC1
1092,CC[NH+](CC)CCOC(=O)c1ccc(N)cc1
1093,CC[NH+](CC)CCOC(=O)c1ccc(N)cc1Cl
1094,CC[NH+](CC)CCOc1ccc(/C(=C(\Cl)c2ccccc2)c2ccccc2)cc1
1095,CC[N@@H+](CCO)CCC[C@@H](C)Nc1cc[nH+]c2cc(Cl)ccc12
1096,CC[NH2+][C@@H]1C[C@H]([NH3+])[C@@H](O[C@H]2OC(C[NH3+])=CC[C@H]2[NH3+])[C@H](O)[C@H]1O[C@H]1OC[C@](C)(O)[C@H]([NH2+]C)[C@H]1O
1097,CC[NH2+][C@H]1C[C@H](C)S(=O)(=O)c2sc(S(N)(=O)=O)cc21
1098,CC[NH2+][C@H]1CN(CCCOC)S(=O)(=O)c2sc(S(N)(=O)=O)cc21
1099,CC1=C(CC(=O)[O-])c2cc(F)ccc2/C1=C\c1ccc([S@](C)=O)cc1
1100,C=CC[C@@]1([C@H](C)C#CCC)C(=O)NC(=O)N(C)C1=O
1101,C#C[C@](O)(/C=C/Cl)CC
1102,CC[C@H]([NH2+]C(C)C)[C@H](O)c1ccc(O)c(O)c1
1103,CCC(C)(C)C(=O)O[C@H]1C[C@@H](C)C=C2C=C[C@H](C)[C@H](CC[C@@H]3C[C@@H](O)CC(=O)O3)[C@H]21
1104,CCC(C)(C)[C@H]1C(=O)N2CCC[C@@H]2[C@]2(O)O[C@@](NC(=O)[C@H]3C[C@@H]4c5cccc6[nH]cc(c56)C[C@@H]4[N@@H+](C)C3)(C(C)C)C(=O)N12
1105,CC[C@@H](C)C(C)(COC(N)=O)COC(N)=O
1106,C=C(CC)C(=O)c1ccc(OCC(=O)[O-])c(Cl)c1Cl
1107,CC[C@@H](C)C1(CC)C(=O)NC(=O)NC1=O
1108,C=CCC1([C@H](C)CC)C(=O)NC(=O)NC1=O
1109,CC[C@@H](C)[C@@H]([NH3+])C1=N[C@@H](C(=O)N[C@@H](CC(C)C)C(=O)N[C@H](CCC(=O)[O-])C(=O)N[C@@H](C(=O)N[C@@H]2CCCCNC(=O)[C@H](CC(N)=O)NC(=O)[C@@H](CC(=O)[O-])NC(=O)[C@H](C[C@@H]3C=NC=[NH+]3)NC(=O)[C@@H](Cc3ccccc3)NC(=O)[C@@H]([C@H](C)CC)NC(=O)[C@H](CCC[NH3+])NC2=O)[C@H](C)CC)CS1
1110,CC[C@H](C)[C@@H]1NC(=O)[C@H](Cc2ccc(O)cc2)NC(=O)[C@@H]([NH3+])CSSC[C@H](C(=O)N2CCC[C@H]2C(=O)N[C@H](CC(C)C)C(=O)NCC(N)=O)NC(=O)[C@@H](CC(N)=O)NC(=O)[C@@H]([C@H](C)O)NC1=O
1111,CC[C@H](C)CCCC(=O)N[C@@H](CC[NH3+])C(=O)N[C@H](C(=O)N[C@@H](CC[NH3+])C(=O)N[C@H]1CCNC(=O)[C@H]([C@@H](C)O)NC(=O)[C@H](CC[NH3+])NC(=O)[C@H](CC[NH3+])NC(=O)[C@H](CC(C)C)NC(=O)[C@@H](CC(C)C)NC(=O)[C@H](CC[NH3+])NC1=O)[C@@H](C)O
1112,CC[C@H](C)CCCCC(=O)N[C@@H](CC[NH3+])C(=O)N[C@@H](C(=O)N[C@@H](CC[NH3+])C(=O)N[C@@H]1CCNC(=O)[C@@H]([C@H](C)O)NC(=O)[C@@H](CC[NH3+])NC(=O)[C@@H](CC[NH3+])NC(=O)[C@@H](CC(C)C)NC(=O)[C@@H](Cc2ccccc2)NC(=O)[C@@H](CC[NH3+])NC1=O)[C@H](C)O
1113,CC[C@H](C)n1ncn(-c2ccc(N3CCN(c4ccc(OC[C@H]5CO[C@](Cn6cncn6)(c6ccc(Cl)cc6Cl)O5)cc4)CC3)cc2)c1=O
1114,CC[C@H](c1ccccc1)c1c([O-])c2ccccc2oc1=O
1115,CCOC(=O)C1=C[C@@H](OC(CC)CC)[C@H](NC(C)=O)[C@@H]([NH3+])C1
1116,CC[C@@H](Cc1c(I)cc(I)c(N)c1I)C(=O)[O-]
1117,C=C[C@@H]([NH3+])CCC(=O)[O-]
1118,CCC(=O)[C@@]1(C)[C@H](C)C[C@@H]2[C@H]3CCC4=CC(=O)C=C[C@]4(C)[C@H]3[C@@H](O)C[C@@]21C
1119,CCC(=O)C(C[C@@H](C)[NH+](C)C)(c1ccccc1)c1ccccc1
1120,CCC(=O)c1ccc2c(c1)N(C[C@H](C)[NH+](C)C)c1ccccc1S2
1121,CCC(=O)N(c1ccccc1)[C@]1(C(=O)OC)CC[N@H+](CCC(=O)OC)CC1
1122,CCC(=O)N(c1ccccc1)[C@]1(COC)CC[N@H+](CCc2cccs2)CC1
1123,CCC(=O)N(c1ccccc1)[C@]1(COC)CC[N@@H+](CCn2nnn(CC)c2=O)CC1
1124,CCC(=O)N(c1ccccc1)[C@H]1CC[N@H+](CCc2ccccc2)CC1
1125,CCC(=O)NCC[C@@H]1CCc2ccc3c(c21)CCO3
1126,CCC(=O)O[C@@](Cc1ccccc1)(c1ccccc1)[C@@H](C)C[NH+](C)C
1127,CCC(=O)O[C@]1(C(=O)SCF)[C@H](C)C[C@H]2[C@@H]3C[C@H](F)C4=CC(=O)C=C[C@]4(C)[C@@]3(F)[C@@H](O)C[C@@]21C
1128,CCC(=O)O[C@]1(C(=O)CCl)[C@@H](C)C[C@H]2[C@@H]3CCC4=CC(=O)C=C[C@]4(C)[C@@]3(F)[C@@H](O)C[C@@]21C
1129,CCC(=O)O[C@]1(C(=O)CCl)[C@@H](C)C[C@@H]2[C@H]3C[C@H](F)C4=CC(=O)C=C[C@]4(C)[C@@]3(F)[C@@H](O)C[C@@]21C
1130,CCC(=O)O[C@](Cc1ccccc1)(c1ccccc1)[C@H](C)C[NH+](C)C
1131,C=CC[N+]1([C@H]2C[C@H]3[C@@H]4CC[C@H]5C[C@H](OC(C)=O)[C@@H]([NH+]6CCCCC6)C[C@]5(C)[C@H]4CC[C@]3(C)[C@H]2OC(=O)CC)CCCCC1
1132,CCC(=O)O[C@H]1CC[C@H]2[C@@H]3CC[C@H]4CC(=O)[C@H](C)C[C@]4(C)[C@H]3CC[C@]12C
1133,CCC(=O)O[C@H]1CC[C@H]2[C@@H]3CCC4=CC(=O)CC[C@]4(C)[C@H]3CC[C@]12C
1134,CCC(=O)O[C@@H](O[P@@](=O)(CCCCc1ccccc1)CC(=O)N1C[C@H](C2CCCCC2)C[C@H]1C(=O)[O-])C(C)C
1135,CCC(=O)OCC(=O)[C@@]1(OC(=O)CC)[C@H](C)C[C@H]2[C@H]3[C@H]([C@@H](O)C[C@@]21C)[C@@]1(C)C=CC(=O)C=C1C[C@H]3Cl
1136,CCC(=O)OCC(=O)[C@@]1(OC(=O)CC)[C@@H](C)C[C@H]2[C@@H]3CCC4=CC(=O)C=C[C@]4(C)[C@@]3(Cl)[C@@H](O)C[C@@]21C
1137,CCOC(=O)O[C@]1(C(=O)COC(=O)CC)CC[C@H]2[C@@H]3CCC4=CC(=O)C=C[C@]4(C)[C@H]3[C@@H](O)C[C@@]21C
1138,CCC(=O)OCCNC(=O)C[n+]1ccccc1
1139,CCC1(CC)C(=O)NC[C@H](C)C1=O
1140,CC[C@@]1(c2ccccc2)NC(=O)N(C)C1=O
1141,CC[C@@]1(C)OC(=O)N(C)C1=O
1142,CC[C@]1(c2ccccc2)SCC(=O)NC1=O
1143,CCC1(CC)C(=O)NC(=O)N(C)C1=O
1144,CCC1(c2ccccc2)C(=O)NCNC1=O
1145,CC[C@]1(C)CC(=O)NC1=O
1146,CC[C@@]1(c2ccc(N)cc2)CCC(=O)NC1=O
1147,CC[C@]1(c2ccccc2)CCC(=O)NC1=O
1148,CCc1c(C)[nH]c2c1C(=O)[C@H](C[NH+]1CCOCC1)CC2
1149,CCc1c(Cl)c([O-])c(Cl)c(O)c1C(=O)O[C@H]1[C@H](O)[C@H](OC)[C@H](OC/C2=C\C=C\C[C@H](O)/C(C)=C/[C@H](CC)[C@@H](O[C@@H]3OC(C)(C)[C@@H](OC(=O)C(C)C)[C@H](O)[C@@H]3O)/C(C)=C/C(C)=C/C[C@@H]([C@@H](C)O)OC2=O)O[C@@H]1C
1150,CCc1nc(N)nc(N)c1-c1ccc(Cl)cc1
1151,CCC1=C(C)CN(C(=O)NCCc2ccc(S(=O)(=O)[N-]C(=O)N[C@H]3CC[C@H](C)CC3)cc2)C1=O
1152,C=CC1=C(C(=O)[O-])N2C(=O)[C@@H](NC(=O)/C(=N\O)c3csc(N)n3)[C@H]2SC1
1153,C=CC1=C(C(=O)[O-])N2C(=O)[C@@H](NC(=O)/C(=N\OCC(=O)[O-])c3csc(N)n3)[C@H]2SC1
1154,CCc1c2c(nc3ccc(OC(=O)N4CCC([NH+]5CCCCC5)CC4)cc13)-c1cc3c(c(=O)n1C2)COC(=O)[C@]3(O)CC
1155,CCc1c2c(nc3ccc(OC(=O)N4CCC(N5CCCCC5)CC4)cc13)-c1cc3c(c(=O)n1C2)COC(=O)[C@]3(O)CC
1156,CCC1=C[C@@H]2CN(C1)Cc1c([nH]c3ccccc13)[C@@](C(=O)OC)(c1cc3c(cc1OC)N(C)[C@H]1[C@@](O)(C(=O)OC)[C@H](OC(C)=O)[C@]4(CC)C=CCN5CC[C@]31[C@@H]54)C2
1157,CCc1cc(C(N)=S)ccn1
1158,CCc1cc2c(cc1CC)CC([NH2+]C[C@H](O)c1ccc(O)c3[nH]c(=O)ccc13)C2
1159,CCC1=C[C@H]2C[N@@H+](C1)Cc1c([nH]c3ccccc13)[C@@](C(=O)OC)(c1cc3c(cc1OC)N(C)[C@H]1[C@@](O)(C(=O)OC)[C@H](OC(C)=O)[C@]4(CC)C=CC[N@@H+]5CC[C@]31[C@@H]54)C2
1160,CCc1ccc(CCOc2ccc(C[C@@H]3SC(=O)[N-]C3=O)cc2)nc1
1161,CCc1cccc2c3c([nH]c12)[C@@](CC)(CC(=O)[O-])OCC3
1162,CCc1ccc(CCOc2ccc(C[C@H]3SC(=O)NC3=O)cc2)nc1
1163,CC[C@H]1NC(=O)c2cc(S(N)(=O)=O)c(Cl)cc2N1
1164,CCc1nn(CCC[NH+]2CCN(c3cccc(Cl)c3)CC2)c(=O)n1CCOc1ccccc1
1165,CCC[C@H](NC(=O)[C@@H]1[C@H]2CCC[C@H]2CN1C(=O)[C@@H](NC(=O)[C@@H](NC(=O)c1cnccn1)C1CCCCC1)C(C)(C)C)C(=O)C(=O)NC1CC1
1166,CCC[C@H]([NH2+][C@@H](C)C(=O)N1[C@H](C(=O)[O-])C[C@@H]2CCCC[C@@H]21)C(=O)OCC
1167,CCC[C@@H]1C[C@@H](C(=O)N[C@@H]([C@H]2O[C@H](SC)[C@H](O)[C@@H](O)[C@H]2O)[C@@H](C)O)[N@@H+](C)C1
1168,CCC[C@@H]1C[C@@H](C(=O)N[C@@H]([C@H]2O[C@H](SC)[C@H](O)[C@@H](O)[C@H]2O)[C@H](C)Cl)[N@@H+](C)C1
1169,CCC[C@@]1(CCc2ccccc2)CC([O-])=C([C@H](CC)c2cccc([N-]S(=O)(=O)c3ccc(C(F)(F)F)cn3)c2)C(=O)O1
1170,CCC[N@@H+](CC)[C@H](CC)C(=O)Nc1c(C)cccc1C
1171,CCC[NH+](CCC)CCc1cccc2c1CC(=O)N2
1172,CCC[N@H+](CCc1cccs1)[C@H]1CCc2c(O)cccc2C1
1173,CCC[N@H+]1C[C@H](CSC)C[C@@H]2c3cccc4[nH]cc(c34)C[C@H]21
1174,C=CC[N@@H+]1CC[C@]23c4c5ccc(O)c4O[C@H]2C(=O)CC[C@@]3(O)[C@H]1C5
1175,C=CC[N@H+]1CC[C@]23CCCC[C@H]2[C@H]1Cc1ccc(O)cc13
1176,CCC[N@@H+]1CCCC[C@H]1C(=O)Nc1c(C)cccc1C
1177,CCC[NH2+][C@H]1CCc2nc(N)sc2C1
1178,CCC[NH2+][C@H](C)C(=O)Nc1c(C)csc1C(=O)OC
1179,CCC[NH2+][C@H](C)C(=O)Nc1ccccc1C
1180,CCC[NH2+]C[C@H](O)COc1ccccc1C(=O)CCc1ccccc1
1181,CCCC(C)(COC(N)=O)COC(N)=O
1182,CCC[C@](C)(COC(N)=O)COC(=O)NC(C)C
1183,C=CC[C@@]1([C@H](C)CCC)C(=O)NC(S)=[NH+]C1=O
1184,CCC[C@H](C)C1(CC)C(=O)NC(=O)NC1=O
1185,C=CCC1([C@@H](C)CCC)C(=O)NC(=O)NC1=O
1186,CCC[C@@H](C)C1(CC)C(=O)NC(=S)NC1=O
1187,CCCC(CCC)C(=O)[O-]
1188,CCCC(CCC)C(=O)O[C@H]1C[C@H]2CC[C@@H](C1)[N+]2(C)C
1189,CCCC(=O)Nc1c(I)cc(I)c(C[C@@H](CC)C(=O)[O-])c1I
1190,CCCC(=O)Nc1ccc(OC[C@@H](O)C[NH2+]C(C)C)c(C(C)=O)c1
1191,CCCC(=O)O[C@]1(C(=O)COC(C)=O)CC[C@H]2[C@@H]3C[C@H](F)C4=CC(=O)C=C[C@]4(C)[C@@]3(F)[C@@H](O)C[C@@]21C
1192,CCCC(=O)O[C@]1(C(=O)CO)CC[C@H]2[C@@H]3CCC4=CC(=O)CC[C@]4(C)[C@H]3[C@@H](O)C[C@@]21C
1193,CCCC(=O)O[C@]1(C(=O)COC(=O)CC)CC[C@H]2[C@@H]3CCC4=CC(=O)CC[C@]4(C)[C@H]3[C@@H](O)C[C@@]21C
1194,CCCC(=O)OCOC(=O)C1=C(C)NC(C)=C(C(=O)OC)[C@@H]1c1cccc(Cl)c1Cl
1195,CCCc1nn(C)c2c(=O)[nH]c(-c3cc(S(=O)(=O)N4CC[NH+](C)CC4)ccc3OCC)nc12
1196,CCCc1c2oc(C(=O)[O-])cc(=O)c2cc2c(=O)cc(C(=O)[O-])n(CC)c12
1197,CCCc1cc(=O)[nH]c(=S)[nH]1
1198,CCCc1nc(C(C)(C)O)c(C(=O)OCc2oc(=O)oc2C)n1Cc1ccc(-c2ccccc2-c2nn[n-]n2)cc1
1199,CCCc1nc(C)c2c(=O)nc(-c3cc(S(=O)(=O)N4CC[NH+](CC)CC4)ccc3OCC)[nH]n12
1200,CCCc1nc2c(C)cc(-c3nc4ccccc4n3C)cc2n1Cc1ccc(-c2ccccc2C(=O)[O-])cc1
1201,CCC[C@H]1O[C@@H]2C[C@H]3[C@@H]4CCC5=CC(=O)C=C[C@]5(C)[C@H]4[C@@H](O)C[C@]3(C)[C@]2(C(=O)CO)O1
1202,CCCC[NH+](CCCC)C[C@H](O)c1cc(Cl)cc2c1-c1ccc(Cl)cc1/C2=C/c1ccc(Cl)cc1
1203,CCCC[NH+](CCCC)CC[C@H](O)c1cc2c(Cl)cc(Cl)cc2c2cc(C(F)(F)F)ccc12
1204,CCCC[N@@H+]1C[C@H](O)[C@@H](O)[C@H](O)[C@H]1CO
1205,CCCC[N@@H+]1CCCC[C@H]1C(=O)Nc1c(C)cccc1C
1206,CCCC[N@@H+]1CCCC[C@H]1C(=O)Nc1c(C)cccc1C
1207,CCCCC(F)(F)[C@@]1(O)CC[C@@H]2[C@H](CCCCCCC(=O)[O-])C(=O)C[C@H]2O1
1208,CCCC[C@@](C)(O)C/C=C/[C@H]1[C@H](O)CC(=O)[C@@H]1CCCCCCC(=O)OC
1209,CCCC[C@@H](CC)COC(=O)/C=C/c1ccc(OC)cc1
1210,CCCC[C@@H](CC)COC(=O)C(C#N)=C(c1ccccc1)c1ccccc1
1211,CCCCC(=O)N(Cc1ccc(-c2ccccc2-c2nnn[n-]2)cc1)[C@H](C(=O)[O-])C(C)C
1212,CCCCC(=O)O[C@]1(C(=O)CO)[C@@H](C)C[C@H]2[C@@H]3CCC4=CC(=O)C=C[C@]4(C)[C@@]3(F)[C@@H](O)C[C@@]21C
1213,CCCCC(=O)O[C@]1(C(=O)CO)CC[C@H]2[C@@H]3CCC4=CC(=O)CC[C@]4(C)[C@H]3[C@@H](O)C[C@@]21C
1214,CCCCC(=O)O[C@H]1CC[C@H]2[C@@H]3CCc4cc(O)ccc4[C@H]3CC[C@]12C
1215,CCCCC(=O)OCC(=O)[C@]1(O)Cc2c([O-])c3c(c([O-])c2[C@@H](O[C@H]2C[C@H](NC(=O)C(F)(F)F)[C@H](O)[C@@H](C)O2)C1)C(=O)c1c(OC)cccc1C3=O
1216,CCCCc1[nH+]cc(/C=C(\Cc2cccs2)C(=O)[O-])n1Cc1ccc(C(=O)[O-])cc1
1217,CCCCc1oc2ccc(NS(C)(=O)=O)cc2c1C(=O)c1ccc(OCCC[NH+](CCCC)CCCC)cc1
1218,CCCCc1oc2ccccc2c1C(=O)c1cc(I)c(OCC[NH+](CC)CC)c(I)c1
1219,
1220,
1221,CCCCC[C@H](O)/C=C/[C@@H]1[C@@H](C/C=C\CCCC(=O)[O-])[C@@H](O)C[C@H]1O
1222,CCCCC[C@H](O)/C=C/[C@H]1[C@H](O)CC(=O)[C@@H]1C/C=C\CCCC(=O)[O-]
1223,CCCCC[C@H](O)/C=C/[C@H]1[C@H](O)CC(=O)[C@@H]1CCCCCCC(=O)[O-]
1224,CCCCC[C@@H](O)CC[C@H]1[C@@H]2Cc3cccc(OCC(=O)[O-])c3C[C@@H]2C[C@@H]1O
1225,CCCCC[N@H+](C)CCC(O)(P(=O)([O-])[O-])P(=O)([O-])[O-]
1226,CCCCCC(=O)O[C@]1(C(C)=O)CC[C@H]2[C@@H]3CCC4=CC(=O)CC[C@]4(C)[C@H]3CC[C@@]21C
1227,CCCCCc1cc(O)c2c(c1)OC(C)(C)[C@@H]1CCC(C)=C[C@@H]21
1228,CCCCCCC(C)(C)c1cc(O)c2c(c1)OC(C)(C)[C@@H]1CCC(=O)C[C@@H]21
1229,CCCCCCC(=O)O[C@H]1CC[C@H]2[C@@H]3CCC4=CC(=O)CC[C@]4(C)[C@H]3CC[C@]12C
1230,CCCCCCC(=O)OCCN1CC[NH+](CCCN2c3ccccc3Sc3ccc(C(F)(F)F)cc32)CC1
1231,CCCCCCC[N@H+](CC)CCC[C@@H](O)c1ccc(NS(C)(=O)=O)cc1
1232,CCCCCCCC(=O)CC[C@@H]1[C@@H](C/C=C\CCCC(=O)OC(C)C)[C@@H](O)C[C@H]1O
1233,CCCCCCCC(=O)OC[C@@H](O)CO
1234,CCCCCCCC/C=C\CCCCCCCC(=O)[O-]
1235,CCCCCCCCc1ccc(CCC([NH3+])(CO)CO)cc1
1236,CCCCCCCCC[N@H+]1C[C@H](O)[C@@H](O)[C@H](O)[C@H]1CO
1237,CCCCCCCCCC(=O)N[C@@H](Cc1c[nH]c2ccccc12)C(=O)N[C@H](CC(N)=O)C(=O)N[C@@H](CC(=O)[O-])C(=O)N[C@@H]1C(=O)NCC(=O)N[C@@H](CCC[NH3+])C(=O)N[C@@H](CC(=O)[O-])C(=O)N[C@H](C)C(=O)N[C@@H](CC(=O)[O-])C(=O)NCC(=O)N[C@H](CO)C(=O)N[C@@H]([C@H](C)CC(=O)[O-])C(=O)N[C@@H](CC(=O)c2ccccc2N)C(=O)O[C@@H]1C
1238,CCCCCCCCCC(=O)O[C@H]1CC[C@H]2[C@@H]3CCC4=CC(=O)CC[C@@H]4[C@H]3CC[C@]12C
1239,CCCCCCCCCC(=O)OCCN1CC[NH+](CCCN2c3ccccc3Sc3ccc(C(F)(F)F)cc32)CC1
1240,CCCCCCCCCc1ccc(OCCOCCOCCOCCOCCOCCOCCOCCOCCO)cc1
1241,CCCCCCCCCCC[C@@H](C[C@@H]1OC(=O)[C@H]1CCCCCC)OC(=O)[C@H](CC(C)C)NC=O
1242,CCCCCCCCCCCC(=O)OCCNC(=O)C[n+]1ccccc1
1243,CCCCCCCCCCCCCC(=O)OC[C@H](CO[P@@](=O)([O-])OCC[N+](C)(C)C)OC(=O)CCCCCCCCCCCCC
1244,CCCCCCCCCCCCCCCC(=O)O[C@@H]1[C@@H](O)[C@@H](O)[C@@H]([C@H](NC(=O)[C@@H]2C[C@@H](CCC)C[N@@H+]2C)[C@@H](C)Cl)O[C@@H]1SC
1245,CCCCCCCCCCCCCCCC(=O)O[C@@H]1CCCn2c1nc(C)c(CC[N@H+]1CC[C@H](c3noc4cc(F)ccc43)CC1)c2=O
1246,CCCCCCCCCCCCCCCC(=O)OC/C=C(C)/C=C/C=C(C)/C=C/C1=C(C)CCCC1(C)C
1247,CCCCCCCCCCCCCCCC(=O)OCC(COP(=O)([O-])OCC[N+](C)(C)C)OC(=O)CCCCCCCCCCCCCCC
1248,CCCCCCCCCCCCCCCC[N+](C)(C)CCN(Cc1ccc(OC)cc1)c1ncccn1
1249,CCCCCCCCCCCCCCCCCCCCCCO
1250,CCCCCCCCCCCCCCCCO
1251,CCCCCCCCCCCCCCOS(=O)(=O)[O-]
1252,CCCCCCCCCCCCOCCOCCOCCOCCOCCOCCOCCOCCOCCO
1253,CCCCCCCCCCNCC[NH2+][C@@]1(C)C[C@H](O[C@H]2[C@H](Oc3c4cc5cc3Oc3ccc(cc3Cl)[C@@H](O)[C@@H](NC(=O)[C@@H](CC(C)C)[NH2+]C)C(=O)N[C@@H](CC(N)=O)C(=O)N[C@H]5C(=O)N[C@H]3C(=O)N[C@H](C(=O)N[C@H](C(=O)[O-])c5cc(O)c(C[NH2+]CP(=O)([O-])[O-])c(O)c5-c5cc3ccc5O)[C@H](O)c3ccc(c(Cl)c3)O4)O[C@H](CO)[C@@H](O)[C@@H]2O)O[C@@H](C)[C@H]1O
1254,CCCCCCOC(=O)/[NH+]=C(/N)c1ccc(NCc2nc3cc(C(=O)N(CCC(=O)OCC)c4ccccn4)ccc3n2C)cc1
1255,CCCCCCOC(=O)CCC(=O)C[NH3+]
1256,CCCCCNC(=[NH2+])N/N=C/c1c[nH]c2ccc(OC)cc12
1257,CCCCCOC(=O)Nc1nc(=O)n([C@@H]2O[C@H](C)[C@@H](O)[C@H]2O)cc1F
1258,CCCCCOC(=O)Nc1nc(=O)n([C@@H]2O[C@H](C)[C@@H](O)[C@H]2O)cc1F
1259,CCCCCOc1ccc(-c2cc(-c3ccc(C(=O)N[C@H]4C[C@@H](O)[C@@H](O)NC(=O)[C@@H]5[C@@H](O)[C@@H](C)CN5C(=O)[C@H]([C@H](O)CC(N)=O)NC(=O)[C@H]([C@H](O)[C@@H](O)c5ccc(O)c(OS(=O)(=O)[O-])c5)NC(=O)[C@@H]5C[C@@H](O)CN5C(=O)[C@H]([C@@H](C)O)NC4=O)cc3)no2)cc1
1260,CCCCCOc1ccc(-c2ccc(-c3ccc(C(=O)N[C@H]4C[C@@H](O)[C@@H](O)NC(=O)[C@@H]5[C@@H](O)[C@@H](C)CN5C(=O)[C@H]([C@@H](C)O)NC(=O)[C@H]([C@H](O)[C@@H](O)c5ccc(O)cc5)NC(=O)[C@@H]5C[C@@H](O)CN5C(=O)[C@H]([C@@H](C)O)NC4=O)cc3)cc2)cc1
1261,CCCCN1C(=O)[C@@H]([C@H](O)C2CCCCC2)NC(=O)C12CCN(Cc1ccc(Oc3ccc(C(=O)O)cc3)cc1)CC2
1262,CCCCNC(=O)[N-]S(=O)(=O)c1ccc(C)cc1
1263,CCCCNc1cc(C(=O)[O-])cc(S(N)(=O)=O)c1Oc1ccccc1
1264,CCCCNc1ccc(C(=O)OCC[NH+](C)C)cc1
1265,CCCCNc1ccc(C(=O)OCCOCCOCCOCCOCCOCCOCCOCCOCCOC)cc1
1266,CCCCOc1cc(C(=O)NCC[NH+](CC)CC)c2ccccc2n1
1267,CCCCOc1cc(C(=O)OCC[NH+](CC)CC)ccc1N
1268,CCCCOc1ccc(C(=O)CC[NH+]2CCCCC2)cc1
1269,CCCCOc1ccc(OCCC[NH+]2CCOCC2)cc1
1270,CCCCOCCOCCOCc1cc2c(cc1CCC)OCO2
1271,CCCCS(=O)(=O)N[C@@H](Cc1ccc(OCCCCC2CC[NH2+]CC2)cc1)C(=O)[O-]
1272,CCCN(CCC)S(=O)(=O)c1ccc(C(=O)[O-])cc1
1273,CCCNC(=O)[N-]S(=O)(=O)c1ccc(Cl)cc1
1274,CCCOC(=O)Cn1cc(I)c(=O)c(I)c1
1275,CCCOc1cc(N)ccc1C(=O)OCC[NH+](CC)CC
1276,CCCOc1ccc(C(=O)OCC[NH+](CC)CC)cc1N
1277,CCCS(=O)(=O)Nc1ccc(F)c(C(=O)c2c[nH]c3ncc(-c4ccc(Cl)cc4)cc23)c1F
1278,CCCS(=O)(=O)Nc1ccc(F)c(C(=O)c2c[nH]c3ncc(-c4ccc(Cl)cc4)cc23)c1F
1279,CCCSc1ccc2[nH]c(NC(=O)OC)nc2c1
1280,CCCSc1nc(N[C@@H]2C[C@H]2c2ccc(F)c(F)c2)c2nnn([C@@H]3C[C@H](OCCO)[C@@H](O)[C@H]3O)c2n1
1281,CCN(C)C(=O)Oc1cccc([C@H](C)[NH+](C)C)c1
1282,CCN(C(C)=O)c1cccc(-c2ccnc3c(C#N)cnn23)c1
1283,C/C=C/C(=O)N(CC)c1ccccc1C
1284,CCN(CC)C(=O)/C(C#N)=C/c1cc(O)c([O-])c([N+](=O)[O-])c1
1285,CCN(CC)C(=O)[C@]1(c2ccccc2)C[C@@H]1C[NH3+]
1286,CCN(CC)C(=O)[C@H]1C[N@H+]2CCc3cc(OC)c(OC)cc3[C@H]2C[C@@H]1OC(C)=O
1287,CCN(CC)C(=O)N1CC[NH+](C)CC1
1288,CCN(CC)C(=S)SSC(=S)N(CC)CC
1289,CCN(CC)c1ccc(C(=C2C=CC(=[N+](CC)CC)C=C2)c2cc(S(=O)(=O)[O-])ccc2S(=O)(=O)[O-])cc1
1290,CCN(CC)CC(=O)Nc1c(C)cccc1C
1291,CCN(CC)CCNC(=O)c1c(C)[nH]c(/C=C2\C(=O)Nc3ccc(F)cc32)c1C
1292,CCN(CC)CCNC(=O)c1c(C)[nH]c(/C=C2\C(=O)Nc3ccc(F)cc32)c1C
1293,CCN(CC)CCS(=O)(=O)[C@@H]1CCN2C(=O)c3coc(n3)CC(=O)C[C@H](O)/C=C(C)/C=C/CNC(=O)/C=C/[C@@H](C)[C@@H](C(C)C)OC(=O)[C@H]12
1294,CCN(Cc1ccncc1)C(=O)[C@@H](CO)c1ccccc1
1295,CCN1C(=O)N[C@H](c2ccccc2)C1=O
1296,CCn1nc(C(=O)[O-])c(=O)c2cc3c(cc21)OCO3
1297,CCN1C[C@@H](CC[NH+]2CCOCC2)C(c2ccccc2)(c2ccccc2)C1=O
1298,CCn1cc(C(=O)[O-])c(=O)c2cc(F)c(N3CC[NH2+][C@@H](C)C3)c(F)c21
1299,CCn1cc(C(=O)[O-])c(=O)c2cc(F)c(N3CC[NH2+]CC3)cc21
1300,CCn1cc(C(=O)[O-])c(=O)c2cc(F)c(N3CC[NH2+]CC3)nc21
1301,CCn1cc(C(=O)[O-])c(=O)c2ccc(C)nc21
1302,CCn1ccc([N-]S(=O)(=O)c2ccc(N)cc2)nc1=O
1303,C=CN1CCCC1=O
1304,CCN1CCN(C(=O)N[C@@H](C(=O)N[C@@H]2C(=O)N3C(C(=O)[O-])=C(CSc4nnnn4C)CS[C@H]23)c2ccc(O)cc2)C(=O)C1=O
1305,CCN1CCN(C(=O)N[C@@H](C(=O)N[C@@H]2C(=O)N3[C@@H]2SC(C)(C)[C@@H]3C(=O)[O-])c2ccccc2)C(=O)C1=O
1306,CCNC(NCC)=[NH+]CCCC[C@H](NC(=O)[C@H](CC(C)C)NC(=O)[C@@H](CCCC[NH+]=C(NCC)NCC)NC(=O)[C@H](Cc1ccc(O)cc1)NC(=O)[C@H](CO)NC(=O)[C@@H](Cc1cccnc1)NC(=O)[C@@H](Cc1ccc(Cl)cc1)NC(=O)[C@@H](Cc1ccc2ccccc2c1)NC(C)=O)C(=O)N1CCC[C@H]1C(=O)N[C@H](C)C(N)=O
1307,CCNC(=O)[C@@H]1CCCN1C(=O)[C@H](CCCNC(N)=[NH2+])NC(=O)[C@H](CC(C)C)NC(=O)[C@@H](CC(C)C)NC(=O)[C@H](Cc1ccc(O)cc1)NC(=O)[C@H](CO)NC(=O)[C@H](Cc1c[nH]c2ccccc12)NC(=O)[C@H](Cc1cnc[nH]1)NC(=O)[C@@H]1CCC(=O)N1
1308,CCNC(=O)[C@@H]1CCCN1C(=O)[C@H](CCCNC(N)=[NH2+])NC(=O)[C@H](CC(C)C)NC(=O)[C@@H](Cc1cn(Cc2ccccc2)cn1)NC(=O)[C@H](Cc1ccc(O)cc1)NC(=O)[C@H](CO)NC(=O)[C@H](Cc1c[nH]c2ccccc12)NC(=O)[C@H](Cc1cnc[nH]1)NC(=O)[C@@H]1CCC(=O)N1
1309,CCNC(=O)CCC/C=C\C[C@@H]1[C@@H](/C=C/[C@@H](O)CCc2ccccc2)[C@H](O)C[C@@H]1O
1310,CCO
1311,CCO/N=C(\C(=O)N[C@@H]1C(=O)N2C(C(=O)[O-])=C(Sc3nc(-c4cc[n+](C)cc4)cs3)CS[C@H]12)c1nsc(NP(=O)([O-])[O-])n1
1312,CCOC(=O)/C=C(C)/C=C/C=C(C)/C=C/c1c(C)cc(OC)c(C)c1C
1313,CCOC(=O)[C@@](C)([NH3+])Cc1ccc(O)c(O)c1
1314,CCOC(=O)[C@H](CCc1ccccc1)[NH2+][C@@H](C)C(=O)N1[C@H](C(=O)[O-])C[C@@H]2CCC[C@@H]21
1315,CCOC(=O)[C@H](CCc1ccccc1)[NH2+][C@@H](C)C(=O)N1[C@H](C(=O)[O-])C[C@H]2CCCC[C@@H]21
1316,CCOC(=O)[C@H](CCc1ccccc1)[NH2+][C@@H](C)C(=O)N1CC2(C[C@H]1C(=O)[O-])SCCS2
1317,CCOC(=O)[C@H](CCc1ccccc1)[NH2+][C@@H](C)C(=O)N1Cc2cc(OC)c(OC)cc2C[C@H]1C(=O)[O-]
1318,CCOC(=O)[C@H](CCc1ccccc1)[NH2+][C@@H](C)C(=O)N1Cc2ccccc2C[C@H]1C(=O)[O-]
1319,CCOC(=O)[C@H](CCc1ccccc1)[NH2+][C@@H](C)C(=O)N1CCC[C@H]1C(=O)[O-]
1320,CCOC(=O)[C@H](CCc1ccccc1)[NH2+][C@H]1CCc2ccccc2N(CC(=O)[O-])C1=O
1321,CCOC(=O)C(C)(C)Oc1ccc(Cl)cc1
1322,CCOC(=O)[C@]1(c2ccccc2)CC[N@H+](C)CC1
1323,CCOC(=O)[C@]1(c2ccccc2)CC[N@@H+](CCC(C#N)(c2ccccc2)c2ccccc2)CC1
1324,CCOC(=O)[C@]1(c2ccccc2)CC[N@H+](CCc2ccc(N)cc2)CC1
1325,CCOC(=O)C1=C(C)NC(C)=C(C(=O)OC)[C@H]1c1cccc(Cl)c1Cl
1326,CCOC(=O)C1=C(COCC[NH3+])NC(C)=C(C(=O)OC)[C@@H]1c1ccccc1Cl
1327,CCOC(=O)c1ncn2c1CN(C)C(=O)c1cc(F)ccc1-2
1328,CCOC(=O)c1ccc(C#Cc2ccc3c(c2)C(C)(C)CCS3)nc1
1329,CCOC(=O)c1cncn1[C@@H](C)c1ccccc1
1330,CCOC(=O)C[C@@H](SP(=S)(OC)OC)C(=O)OCC
1331,CCOC(=O)CCCCCCCC[C@H](C)c1ccccc1I
1332,CCOC(=O)N1CCC(=C2c3ccc(Cl)cc3CCc3cccnc32)CC1
1333,CCOC(=O)Nc1ccc(NCc2ccc(F)cc2)cc1N
1334,CCOC(=O)Nc1ccc2c(c1)N(C(=O)CC[NH+]1CCOCC1)c1ccccc1S2
1335,CCOC(=O)O[C@]1(C(=O)OCCl)CC[C@H]2[C@@H]3CCC4=CC(=O)C=C[C@]4(C)[C@H]3[C@@H](O)C[C@@]21C
1336,CCOC(=O)O[C@H](C)OC(=O)[C@@H]1N2C(=O)[C@@H](NC(=O)[C@H]([NH3+])c3ccccc3)[C@H]2SC1(C)C
1337,CCOc1cc(CC(=O)N[C@@H](CC(C)C)c2ccccc2N2CCCCC2)ccc1C(=O)[O-]
1338,CCOc1ccc(-c2cc(C)cn2-c2ccc(S(N)(=O)=O)cc2)cc1
1339,CCOc1ccc(C[C@@H](CN(CC[NH+](CC(=O)[O-])CC(=O)[O-])CC(=O)[O-])[NH+](CC(=O)[O-])CC(=O)[O-])cc1
1340,CCOc1ccc2nc(S(N)(=O)=O)sc2c1
1341,CCOc1ccc2ccccc2c1C(=O)N[C@@H]1C(=O)N2[C@@H]1SC(C)(C)[C@@H]2C(=O)[O-]
1342,CCOc1ccccc1OCC[NH2+][C@H](C)Cc1ccc(OC)c(S(N)(=O)=O)c1
1343,CCOc1nc2cccc(C(=O)OCc3oc(=O)oc3C)c2n1Cc1ccc(-c2ccccc2-c2nc(=O)o[nH]2)cc1
1344,CCOCCn1c(N2CCC[N@H+](C)CC2)nc2ccccc21
1345,CCOCCP(CCOCC)CCP(CCOCC)CCOCC
1346,CCOP(=O)(OCC)SCC[N+](C)(C)C
1347,CCP(CC)(CC)=[Au]S[C@@H]1O[C@H](COC(C)=O)[C@@H](OC(C)=O)[C@H](OC(C)=O)[C@H]1OC(C)=O
1348,CCS(=O)(=O)CCn1c([N+](=O)[O-])cnc1C
1349,CCSc1ccc2c(c1)N(CCCN1CC[NH+](C)CC1)c1ccccc1S2
1350,Cl[201Tl]
1351,Cl[Cr](Cl)Cl
1352,Cl[Cu]Cl
1353,Cl[Mn]Cl
1354,Cl[Zn]Cl
1355,CN(N=O)C(=O)N[C@@H]1[C@@H](O)[C@H](O)[C@@H](CO)O[C@@H]1O
1356,CN(C)/C=[NH+]/c1c(I)cc(I)c(CCC(=O)[O-])c1I
1357,CN(C)/N=N/c1[nH]cnc1C(N)=O
1358,CN(C)C(=[NH2+])NC(N)=[NH2+]
1359,CN(C)C(=O)C(CC[N@H+]1CC[C@@](O)(c2ccc(Cl)cc2)CC1)(c1ccccc1)c1ccccc1
1360,CN(C)c1ccc(C(=C2C=CC(=[N+](C)C)C=C2)c2ccc(N(C)C)cc2)cc1
1361,CN(C)c1cccc2cc(S(=O)(=O)[O-])ccc12
1362,CN(C)c1nc(N(C)C)nc(N(C)C)n1
1363,COc1cccc([C@@]2(O)CCCC[C@@H]2CN(C)C)c1
1364,COc1ccc([C@@H](CN(C)C)C2(O)CCCCC2)cc1
1365,CN(C)N/N=C1/N=CN=C1C(N)=O
1366,CN(C(=O)CC(=O)N(C)c1c(I)c(C(=O)N[C@@H](CO)[C@@H](O)CO)c(I)c(C(=O)N[C@H](CO)[C@@H](O)CO)c1I)c1c(I)c(C(=O)N[C@@H](CO)[C@@H](O)CO)c(I)c(C(=O)N[C@H](CO)[C@H](O)CO)c1I
1367,COCC(=O)Nc1c(I)c(C(=O)NC[C@H](O)CO)c(I)c(C(=O)N(C)C[C@@H](O)CO)c1I
1368,CN(Cc1cnc2nc(N)nc(N)c2n1)c1ccc(C(=O)N[C@@H](CCC(=O)[O-])C(=O)[O-])cc1
1369,CN(Cc1cnc2nc(N)nc(N)c2n1)c1ccc(C(=O)N[C@@H](CCC(=O)O)C(=O)O)cc1
1370,CN(CCCCCCCCCCN(C)C(=O)Oc1cccc([N+](C)(C)C)c1)C(=O)Oc1cccc([N+](C)(C)C)c1
1371,COc1cc2nc(N(C)CCCNC(=O)[C@@H]3CCCO3)nc(N)c2cc1OC
1372,CN(CCOc1ccc(C[C@@H]2SC(=O)[N-]C2=O)cc1)c1ccccn1
1373,CN(CCOc1ccc(C[C@@H]2SC(=O)NC2=O)cc1)c1ccccn1
1374,CN(CCOc1ccc(C[C@@H]2SC(=O)NC2=O)cc1)c1ccccn1
1375,CN/C(NCc1ccccc1)=[NH+]\C
1376,CN/C(=C\[N+](=O)[O-])[NH2+]CCSCc1ccc(C[NH+](C)C)o1
1377,CN/C(=C\[N+](=O)[O-])[NH2+]CCSCc1csc(C[NH+](C)C)n1
1378,CN1C(C(=O)Nc2ccccn2)=C(O)c2ccccc2S1(=O)=O
1379,CO/N=C(\C(=O)N[C@@H]1C(=O)N2C(C(=O)[O-])=C(CSc3nc(=O)c(=O)[nH]n3C)CS[C@H]12)c1csc(N)n1
1380,CN1[C@H](CCl)Nc2cc(Cl)c(S(N)(=O)=O)cc2S1(=O)=O
1381,CN1[C@@H](CSCC(F)(F)F)Nc2cc(Cl)c(S(N)(=O)=O)cc2S1(=O)=O
1382,CO[C@@]1(NC(=O)[C@H](C(=O)[O-])c2ccc(O)cc2)C(=O)N2C(C(=O)[O-])=C(CSc3nnnn3C)CO[C@@H]21
1383,CO[C@@]1(NC(=O)C2SC(=C(C(N)=O)C(=O)[O-])S2)C(=O)N2C(C(=O)[O-])=C(CSc3nnnn3C)CS[C@@H]21
1384,CO[C@@]1(NC(=O)CSCC#N)C(=O)N2C(C(=O)[O-])=C(CSc3nnnn3C)CS[C@@H]21
1385,CO/N=C(\C(=O)N[C@@H]1C(=O)N2C(C(=O)[O-])=C(CSc3nnnn3C)CS[C@H]12)c1csc(N)n1
1386,Cn1nnnc1SCC1=C(C(=O)[O-])N2C(=O)[C@@H](NC(=O)[C@H](O)c3ccccc3)[C@H]2SC1
1387,CN1C(=O)C[C@H](c2ccccc2)C1=O
1388,Cn1nnc2c(C(N)=O)ncn2c1=O
1389,CN1C(=O)CCS(=O)(=O)[C@H]1c1ccc(Cl)cc1
1390,CN1c2c([nH]c(N)nc2=O)NC[C@@H]1CNc1ccc(C(=O)N[C@@H](CCC(=O)[O-])C(=O)[O-])cc1
1391,Cn1c(=O)c2[nH]cnc2n(C)c1=O
1392,Cn1c(=O)c2c(ncn2C[C@@H](O)CO)n(C)c1=O
1393,Cn1c(CCCC(=O)O)nc2cc(N(CCCl)CCCl)ccc21
1394,CN1C(=O)[C@H](O)N=C(c2ccccc2)c2cc(Cl)ccc21
1395,CN1C(=O)CN=C(c2ccccc2)c2cc(Cl)ccc21
1396,Cn1c(CCCC(=O)[O-])nc2cc(N(CCCl)CCCl)ccc21
1397,Cn1nc(C(=O)N[C@@H]2C[C@H]3CCC[C@@H](C2)[N@@H+]3C)c2ccccc21
1398,CN1CC(=O)N2[C@H](c3ccc4c(c3)OCO4)c3[nH]c4ccccc4c3C[C@@H]2C1=O
1399,COc1ccc2c3c1O[C@H]1C[C@@H](O)C=C[C@@]31CCN(C)C2
1400,CN1CC[NH+](CCCN2c3ccccc3Sc3ccc(Cl)cc32)CC1
1401,Cn1cc[nH]c1=S
1402,CN1CCC(CNc2ccc3ncc(-c4cccc(OC(F)(F)F)c4)n3n2)CC1
1403,CN1CCC[NH+]=C1COC(=O)[C@](O)(c1ccccc1)C1CCCCC1
1404,CN1CCN(c2ccc3c(c2)N/C(=C2\C(=O)N=c4cccc(F)c4=C2N)N3)CC1
1405,Cn1cnc([N+](=O)[O-])c1C[N+](C)(C)C/C=C/C(=O)Nc1cc2c(Nc3ccc(Cl)c(Br)c3)ncnc2cn1
1406,Cn1cnc([N+](=O)[O-])c1Sc1ncnc2nc[nH]c12
1407,Cn1c(=O)c2c(ncn2C)n(C)c1=O
1408,Cn1cncc1[C@@](N)(c1ccc(Cl)cc1)c1ccc2c(c1)c(-c1cccc(Cl)c1)cc(=O)n2C
1409,CNC(=O)c1cc(Oc2ccc(NC(=O)Nc3ccc(Cl)c(C(F)(F)F)c3)cc2)ccn1
1410,CNC(=O)c1cnn(-c2nc(N)c3ncn([C@@H]4O[C@H](CO)[C@@H](O)[C@H]4O)c3n2)c1
1411,CNC(=O)c1cc(Oc2ccc(NC(=O)Nc3ccc(Cl)c(C(F)(F)F)c3)cc2)ccn1
1412,CNC(=O)CN(CCN(CC[N@@H+](CC(=O)[O-])CC(=O)NC)CC(=O)[O-])CC(=O)[O-]
1413,CNC1=[NH+]c2ccc(Cl)cc2C(c2ccccc2)=[N+]([O-])C1
1414,CNCC[C@H](Oc1cccc2ccccc12)c1cccs1
1415,CNS(=O)(=O)Cc1ccc2[nH]cc(CC[NH+](C)C)c2c1
1416,CNS(=O)(=O)CCc1ccc2[nH]cc([C@H]3CC[N@@H+](C)CC3)c2c1
1417,CO/N=C(\C(=O)N[C@@H]1C(=O)N2C(C(=O)[O-])=C(COC(N)=O)CS[C@H]12)c1ccco1
1418,CO/N=C(\C(=O)N[C@@H]1C(=O)N2C(C(=O)[O-])=CCS[C@H]12)c1csc(N)n1
1419,CO/N=C1\CN(c2nc3c(cc2F)c(=O)c(C(=O)[O-])cn3C2CC2)C[C@@H]1C[NH3+]
1420,CO[C@@]1(NC(=O)Cc2cccs2)C(=O)N2C(C(=O)[O-])=C(COC(N)=O)CS[C@@H]21
1421,CO[C@H]1O[C@H](COS(=O)(=O)[O-])[C@@H](O[C@@H]2O[C@@H](C(=O)[O-])[C@@H](O[C@H]3O[C@H](COS(=O)(=O)[O-])[C@@H](O[C@@H]4O[C@H](C(=O)[O-])[C@@H](O[C@H]5O[C@H](COS(=O)(=O)[O-])[C@@H](O)[C@H](O)[C@H]5NS(=O)(=O)[O-])[C@H](O)[C@H]4O)[C@H](OS(=O)(=O)[O-])[C@H]3NS(=O)(=O)[O-])[C@H](O)[C@H]2OS(=O)(=O)[O-])[C@H](O)[C@H]1NS(=O)(=O)[O-]
1422,CO[Si](C)(C)O[Si](C)(C)C
1423,COC(F)(F)C(Cl)Cl
1424,CO[C@@H](CNC(=O)c1ccccc1OCC(=O)[O-])C[Hg]O
1425,CO[C@@H](CNC(N)=O)C[Hg]Cl
1426,COC(=O)[C@H](c1ccccc1)[C@H]1CCCC[NH2+]1
1427,COC(=O)[C@H](c1ccccc1Cl)[N@@H+]1CCc2sccc2C1
1428,COC(=O)[C@@H](c1ccccc1)[C@@H]1CCCC[NH2+]1
1429,COC(=O)c1ccccc1O
1430,COC(=O)CCC(=O)C[NH3+]
1431,COC(=O)Nc1nc2cc(C(=O)c3ccccc3)ccc2[nH]1
1432,COc1cc2ncnc(Nc3ccc(F)c(Cl)c3)c2cc1OCCCN1CCOCC1
1433,COc1ncnc([N-]S(=O)(=O)c2ccc(N)cc2)c1OC
1434,COc1c(N2C[C@@H]3CCC[NH2+][C@@H]3C2)c(F)cc2c(=O)c(C(=O)[O-])cn(C3CC3)c12
1435,COc1c2occc2cc2ccc(=O)oc12
1436,COc1nc(N)nc2c1ncn2[C@@H]1O[C@H](CO)[C@@H](O)[C@@H]1O
1437,COc1cc(N)c(Cl)cc1C(=O)N[C@@H]1CC[N@@H+](CCCOc2ccc(F)cc2)C[C@@H]1OC
1438,COc1cc([C@@H]2c3cc4c(cc3[C@@H](O[C@@H]3O[C@@H]5CO[C@H](c6cccs6)O[C@H]5[C@H](O)[C@H]3O)[C@H]3COC(=O)[C@H]23)OCO4)cc(OC)c1O
1439,COc1cc([C@@H]2c3cc4c(cc3[C@H](O)[C@H]3COC(=O)[C@H]23)OCO4)cc(OC)c1OC
1440,COC(=O)[C@H]1[C@H]2C[C@@H]3c4[nH]c5ccccc5c4CC[N@@H+]3C[C@H]2C[C@@H](OC(=O)c2cc(OC)c(OC)c(OC)c2)[C@@H]1OC
1441,COc1cc(Cc2cnc(N)nc2N)cc(OC)c1OC
1442,COC1=CC(=O)O[C@H](/C=C/C2=CCCC=C2)C1
1443,COc1cc2c(cc1OC)C(=O)[C@@H](C[C@H]1CC[N@H+](Cc3ccccc3)CC1)C2
1444,COc1cc2nc(N3CCN(C(=O)[C@H]4CCCO4)CC3)nc(N)c2cc1OC
1445,COc1cc2nc(N3CCN(C(=O)[C@@H]4COc5ccccc5O4)CC3)nc(N)c2cc1OC
1446,COc1cc2ncnc(Nc3ccc(F)c(Cl)c3)c2cc1OCCC[NH+]1CCOCC1
1447,COc1ccc(OC)c([C@H](O)CNC(=O)C[NH3+])c1
1448,COc1ccc(C(=O)c2ccccc2)c(O)c1
1449,COc1ccc(C(Cl)=C(c2ccc(OC)cc2)c2ccc(OC)cc2)cc1
1450,COc1ccc(C2C(=O)c3ccccc3C2=O)cc1
1451,COc1ccc(O)cc1
1452,COc1ccc(Cl)cc1C(=O)NCCc1ccc(S(=O)(=O)[N-]C(=O)NC2CCCCC2)cc1
1453,COc1ccc(-c2ccc3cc(C(=O)[O-])ccc3c2)cc1[C@]12C[C@H]3C[C@H](C[C@H](C3)C1)C2
1454,COC(=O)[C@H]1[C@H]2C[C@@H]3c4[nH]c5cc(OC)ccc5c4CC[N@@H+]3C[C@H]2C[C@@H](OC(=O)/C=C/c2cc(OC)c(OC)c(OC)c2)[C@@H]1OC
1455,COC(=O)[C@H]1[C@H]2C[C@@H]3c4[nH]c5cc(OC)ccc5c4CC[N@@H+]3C[C@H]2C[C@@H](OC(=O)c2cc(OC)c(OC)c(OC)c2)[C@@H]1OC
1456,C=C[C@H]1C[N@@H+]2CC[C@H]1C[C@@H]2[C@@H](O)c1ccnc2ccc(OC)cc12
1457,C=C[C@H]1C[N@@H+]2CC[C@H]1C[C@H]2[C@H](O)c1ccnc2ccc(OC)cc12
1458,COc1ccccc1OC[C@H](O)CO
1459,COc1ccccc1OC[C@@H](O)COC(N)=O
1460,COc1ccccc1OCC[NH2+]C[C@H](O)COc1cccc2[nH]c3ccccc3c12
1461,COc1ccnc(C[S@](=O)c2nc3ccc(OC(F)F)cc3[nH]2)c1OC
1462,COc1cnc([N-]S(=O)(=O)c2ccc(N)cc2)nc1
1463,COCCCC/C(=N\OCC[NH3+])c1ccc(C(F)(F)F)cc1
1464,COCCNC(=O)CN(CCN(CC[N@H+](CC(=O)[O-])CC(=O)NCCOC)CC(=O)[O-])CC(=O)[O-]
1465,COCCO
1466,C#Cc1cccc(Nc2ncnc3cc(OCCOC)c(OCCOC)cc23)c1
1467,C#Cc1cccc(Nc2ncnc3cc(OCCOC)c(OCCOC)cc23)c1
1468,C#Cc1cccc(Nc2ncnc3cc(OCCOC)c(OCCOC)cc23)c1
1469,CS(=O)(=O)c1ccc(C2=C(c3ccccc3)C(=O)OC2)cc1
1470,CS(=O)(=O)CCNCc1ccc(-c2ccc3ncnc(Nc4ccc(OCc5cccc(F)c5)c(Cl)c4)c3c2)o1
1471,CS(=O)(=O)CCNCc1ccc(-c2ccc3ncnc(Nc4ccc(OCc5cccc(F)c5)c(Cl)c4)c3c2)o1
1472,Nc1ncnc2c1ncn2CCOC[P@@]1(=O)OCC[C@@H](c2cccc(Cl)c2)O1
1473,CS(C)=O
1474,II
1475,O=N[O-]
1476,O1[As]2O[As]1O2
1477,O=[32P]([O-])([O-])O
1478,O=[Al]O[Al]=O
1479,O=[Si](O)O
1480,O=[Ti]=O
1481,O=[Zn]
1482,[O-][Cl+3]([O-])([O-])O
1483,S=[Se]=S
